v_mean,v_std,a_mean,heading_change_ratio,maneuverability_sigma,label
0.6899032944181591,0.04725404101050046,0.6698051196553043,0.02356717452141281,5.854537827565737,bird
0.7948415987993566,0.049233207460029585,0.6243382756320746,0.02529440946425095,6.284478104728104,bird
0.7581161814514447,0.060762386421671886,0.6928476692930834,0.024535174034675346,6.179584370749689,bird
0.7552201395927507,0.04618815966878857,0.6915838290868025,0.023919590072500968,6.314398946248143,bird
0.7555913206172973,0.04602745183911808,0.6407617961105836,0.02818438518402602,5.361586653012315,bird
0.7471213157788532,0.0654434576110083,0.6417781712948168,0.024660270259065687,6.059070806953609,bird
0.7669376422922883,0.04255992123629979,0.6506838668811528,0.024790344769634674,6.1871452552321164,bird
0.8120466380582962,0.06055036506636972,0.6697664556169123,0.02434967310383316,6.669608550034702,bird
0.6999689665018453,0.05306169083739479,0.549714378866707,0.026864492779619772,5.210918944928866,bird
0.8061202082689749,0.0572401467036563,0.7043757481788011,0.02531207383023492,6.369205561833461,bird
0.7020515369153024,0.04780829797408487,0.6411605845023394,0.026534467140654692,5.291424453231925,bird
0.7745565459430257,0.050623177319484076,0.6503629667279365,0.02582353423511978,5.998614794026335,bird
0.7081529383912303,0.059478396836373744,0.63484663729421,0.025759034326104838,5.498078891675582,bird
0.7630947519383051,0.0568919099919134,0.679459543167453,0.025473175333654015,5.991129073967714,bird
0.7597026621939702,0.050864401850340676,0.5903286961513232,0.025482969374230495,5.962205171180143,bird
0.7198051946636139,0.03898697189564367,0.5957395648036662,0.025541676134432163,5.63610301983321,bird
0.756302681981562,0.05010652216850265,0.6318290564336426,0.02539886679853946,5.955175221921238,bird
0.7263095338871346,0.045492149593742454,0.6991007937106608,0.026318460632615247,5.519186924423528,bird
0.7559089401599811,0.04386522472961708,0.661978387769172,0.02606605131471068,5.799731897036038,bird
0.7517681046965821,0.051768802621072064,0.634518898411785,0.027399054458180305,5.487351911879632,bird
0.7376282222276639,0.05715203333674429,0.588004938273776,0.025817515448407897,5.713952173396861,bird
0.7352370482771795,0.04594504543410525,0.6103258398547281,0.02362779101848307,6.22323533912896,bird
0.7915881284159983,0.048835969113733564,0.6586565076815998,0.02325989277190575,6.806176954724762,bird
0.7557617636948448,0.044597061632677376,0.6543442849103448,0.024247895506701415,6.233375603141229,bird
0.7624846066575016,0.05417361453005735,0.6986296381260639,0.02418975757053749,6.303938306935821,bird
0.7382163578986597,0.05193711008562325,0.6251540073283134,0.023589820339174707,6.258510198684857,bird
0.7902736248950312,0.07108767181308816,0.706602040437178,0.025347413867760144,6.2352955195177175,bird
0.7549554481519323,0.05340885211168347,0.5786809936970888,0.02609385728872489,5.786243961667047,bird
0.7251314819711511,0.05640244875493894,0.638085720312124,0.02827496176504063,5.128964794025875,bird
0.7372306413352291,0.05524774007083682,0.6189536568395171,0.025415239798767544,5.801261216667988,bird
0.7126935070760652,0.041662461753093225,0.5200837287264694,0.026213677712563107,5.437366692187246,bird
0.7194201611346385,0.04087727535906174,0.685691525075206,0.0274779551942226,5.236157863787545,bird
0.7550462085736165,0.046092449646032214,0.6229920456821272,0.025323434256007804,5.962990564352094,bird
0.7399765032222638,0.06531489779080242,0.684678015754963,0.02518866943518966,5.875242603543124,bird
0.7188533315680445,0.050573572584322,0.5500213936078951,0.02556268708804064,5.624023671912124,bird
0.7397749725088946,0.0430945156180746,0.6701420041233237,0.027620333769752505,5.356552080132226,bird
0.7079462391128833,0.053814835592446375,0.5960354359575626,0.026519629672865374,5.3388385884925205,bird
0.7146469614798432,0.041021507720890096,0.5987749126206853,0.02531426099507104,5.64598194984608,bird
0.7682374628475899,0.055271671160839204,0.6211592660580909,0.025951790927848033,5.920273311210594,bird
0.7451855903593879,0.06163971549550436,0.6855893936677058,0.027359870350960616,5.447094167122082,bird
0.7318911116041774,0.04460920899184866,0.5882517252355318,0.02600722297139795,5.628156125035475,bird
0.7606791601852844,0.04518633646457945,0.6583517802241898,0.025679302746684347,5.924227422101423,bird
0.754136657511429,0.06110319349681894,0.7611065983171507,0.02544518182568874,5.927311735465726,bird
0.728088655089464,0.03746559928573283,0.6123841115971722,0.02681854839244636,5.4295413694451895,bird
0.7004951776240381,0.0557399648767002,0.615003042008277,0.02444144092196131,5.731798556681955,bird
0.7670997612712382,0.05631972200466733,0.6401635563524996,0.025638823781012048,5.983663393888796,bird
0.748769145026038,0.055639077636108036,0.6092048260568841,0.024647053820102495,6.075690595905571,bird
0.7519393959290518,0.04958678629336494,0.6721458817454493,0.024788574072696544,6.066582630625418,bird
0.76157366672566,0.04688443418385005,0.696491198867025,0.02802694337935391,5.434392853228712,bird
0.7623417598305378,0.05418253055728146,0.7067217711858359,0.02494513580256217,6.111907477028688,bird
0.4507553676604937,0.045021671935971064,0.2909182114708417,0.034020626550228146,2.649818800320961,bird
0.4739216316428128,0.040614015222246586,0.3211364797686185,0.02706720793234477,3.5016873813521094,bird
0.45699995337106186,0.0372508581772919,0.34187114755924625,0.026829015818023758,3.4066347336770213,bird
0.46110876836002185,0.03341592406980712,0.33645828259721516,0.02482660890715671,3.7144868759026792,bird
0.4249080154738648,0.025755707603397633,0.3400169393445849,0.02351413396555131,3.6139139671040157,bird
0.43747777900742696,0.045717155851355974,0.3397157848758698,0.04241201565211193,2.062942812497142,bird
0.45659736289904984,0.037436550104811395,0.29051708577021684,0.025198597369532085,3.6238493930129496,bird
0.43047596864658866,0.04034784915522992,0.3261163354676024,0.0313470094460369,2.7464347537255476,bird
0.4382853001043133,0.037526646241328315,0.2857978352097395,0.03203348401432482,2.7363365710701877,bird
0.45721669944734705,0.04344669908133041,0.3309370295675471,0.03516675296697013,2.600206306254794,bird
0.43585577715956314,0.030335940643976232,0.3235790588148678,0.027042825791168693,3.223331855438365,bird
0.4572746810719789,0.03601405915490292,0.32590292776287744,0.025505306482933532,3.5855841940869713,bird
0.43442573740945195,0.03871282527883204,0.3278028808173053,0.028852837013280376,3.0112188180377233,bird
0.4428582132887605,0.028278043337582562,0.29712718824119416,0.025344972758003494,3.4945083527555387,bird
0.43843099286890574,0.03933516900177418,0.3223987460980615,0.026116897459952382,3.357324947531535,bird
0.4214110227016106,0.030439243633379447,0.310137771627374,0.025866865656817038,3.258184230619077,bird
0.42330142933340914,0.029921122160027368,0.3252916098983428,0.024186974413838522,3.5001010065134115,bird
0.4482545142185699,0.03551159123060828,0.3281402028761814,0.025425962301588834,3.525823238244001,bird
0.45677539655567295,0.037256760012812015,0.3270699329671644,0.028830223317009313,3.1686186669061236,bird
0.4694083878139012,0.04207959105008384,0.3282205200466977,0.03052377355347521,3.075592108834607,bird
0.43685842584737156,0.031204327750756215,0.3225376285558634,0.02448629315042488,3.56804463958175,bird
0.4394665166996735,0.03428373929682821,0.30427337902444457,0.03501589389584638,2.5100277001575795,bird
0.4693581339217183,0.029261438865072306,0.31974234792940137,0.024712284297998044,3.798430866003347,bird
0.4488159432368703,0.05422638279203129,0.3581014683572628,0.048701096268914223,1.8431087639519526,bird
0.41819340279604433,0.03926467854230461,0.3307444179058116,0.02611528142276381,3.202551929695285,bird
0.44805528421288543,0.04425715985639379,0.3418224368964277,0.03083122499253966,2.906411345603005,bird
0.45368953397882317,0.05618119223053842,0.31130880138887923,0.04438531451574457,2.0442782955508725,bird
0.42092606243065217,0.03996391844220987,0.33830782836840106,0.033734947382683185,2.4954176883440424,bird
0.4422042689349517,0.04726234188869026,0.3443567753801405,0.033759163820193235,2.619682920025988,bird
0.41274547525907085,0.03809804044698585,0.31221883913997966,0.02694638143446316,3.063346295400749,bird
0.45764530133637044,0.03695044214687055,0.3666284615308191,0.02599864366746741,3.520399535379593,bird
0.4664314794889101,0.04347070512596439,0.33864198806899104,0.02878666610552424,3.2404978639675837,bird
0.43216999996199246,0.029638118292374383,0.3175591940200112,0.025254794253952193,3.4223461066815,bird
0.4393827649010374,0.052453427863233024,0.3442248911315749,0.04150832200765887,2.1170334524641157,bird
0.44080073655269647,0.05579134589399429,0.28253642154866443,0.05107692937277963,1.7259943564568074,bird
0.44095762281027906,0.03440969951837167,0.31026146765472323,0.02543450510235044,3.467263368937166,bird
0.4358989713674125,0.043872467830401427,0.3443236414060671,0.034351383373256966,2.537811221641027,bird
0.46365137604257894,0.0391097796458994,0.33500027065859006,0.024737405760852742,3.748436753984919,bird
0.44371522075984676,0.035873755374906405,0.3012458106584479,0.027269585796143744,3.2541697419527087,bird
0.4468077496390084,0.044497513123831385,0.3024137888420789,0.03685499334160072,2.4246157358004763,bird
0.45366177015354675,0.03525960611332717,0.3216233278990452,0.02435336398204141,3.725510002222084,bird
0.4583470960886078,0.030143867180973213,0.30731772111216826,0.024140051746729643,3.7972451867952834,bird
0.4580528430170001,0.040696376500490496,0.2991927902005938,0.03075119000897138,2.978995702814516,bird
0.45884291419177337,0.037390234548727294,0.3210386637383874,0.027011831351300856,3.397224639518942,bird
0.4128065468682697,0.04416686106477801,0.31014679456442973,0.04748008460419575,1.7388266529542105,bird
0.46393664136332063,0.034849777672775514,0.3184143586324545,0.024052876201453462,3.8574823334730435,bird
0.46369759211304995,0.04552225473479339,0.291833364602669,0.031160555858938215,2.97608993052357,bird
0.4341979709136363,0.03380894055014146,0.2909026506267137,0.025988154560041967,3.341380861406024,bird
0.46598534369718436,0.03762769090860798,0.3099903562537542,0.028037445994078786,3.3239054444541822,bird
0.4125593709905196,0.04527134498121433,0.25849350458315673,0.039909772494147844,2.067410251646256,bird
0.751099054794066,0.13958543519194958,0.3568786573787389,0.2288360362604846,0.6564493824460588,bird
0.7646343745172292,0.13691107165254382,0.3940634759777255,0.21417694566145748,0.7140184147901616,bird
0.7770579422723097,0.14219337815907518,0.4028369151947116,0.22606145187415272,0.6874724727374756,bird
0.7149657727915917,0.12555014726054772,0.34444664352762566,0.22622109558551903,0.6320924071633447,bird
0.7389092352901291,0.1392309136550505,0.37276706446208846,0.2069475697426932,0.7140999595527935,bird
0.7557381219823667,0.13069547374069537,0.36697357160406513,0.223885401245587,0.6751090931515555,bird
0.7276116200099568,0.13811364128998418,0.3680116073700062,0.19241342930360494,0.7562969209001238,bird
0.7541016833771226,0.14090666572548302,0.40011257859478155,0.2287608771998968,0.6592901718463362,bird
0.7344630243764517,0.12952497265635923,0.33397015556264786,0.2293201219718881,0.6405546995654302,bird
0.7455256416903646,0.13772203769502664,0.37951507339326546,0.21943530023473407,0.6794921690803767,bird
0.7472223871960529,0.13945519999371628,0.40959364481976235,0.20465284687305568,0.7302310671283744,bird
0.7517412654527869,0.125977325402418,0.35913201326426947,0.21050870239813005,0.714211134478128,bird
0.7621710554935397,0.14443182324102616,0.3756707130106209,0.21270894182684202,0.7166300349488411,bird
0.743425148852539,0.1237182353662856,0.346943052019984,0.213881241868801,0.6951729485284647,bird
0.7157540987462877,0.1275838906374295,0.37353131277311846,0.19698077174544767,0.7267217316643512,bird
0.7953356451801912,0.14779675046940394,0.3534877773068202,0.20109436287763158,0.7910040988151422,bird
0.7716803395406997,0.1383518265088128,0.4249819158322293,0.20876038142385955,0.7392947408355817,bird
0.7605208562607226,0.1386903608674429,0.40632354367282375,0.221580808992205,0.6864475636631416,bird
0.7491327430473315,0.14224507279162288,0.3689145958336599,0.21817822483481678,0.6867137262194787,bird
0.7565337331747661,0.1395868912593216,0.37727485699355995,0.21105750632849427,0.7168953780242973,bird
0.784521618016823,0.1419831632488847,0.36712988284151316,0.21281396521602625,0.7372810881358322,bird
0.7112748754318539,0.12767255793720203,0.3633990804701533,0.22124131225611257,0.6429831953889951,bird
0.7017402052186382,0.1258008879285558,0.35513468850646834,0.2090115203960411,0.6714820387579273,bird
0.7604454047616379,0.14993925475292733,0.38528373330152477,0.19160841739607026,0.7937459686983708,bird
0.7360838738079962,0.1315559335927232,0.3698783986566419,0.23330094481361283,0.6310144248989329,bird
0.7691079931038249,0.14730776407003152,0.42395255844557717,0.21936974541851903,0.701195236328593,bird
0.7330750075276397,0.1369909455483656,0.38299227568098954,0.22598923779701785,0.6487674875962789,bird
0.7347151151906486,0.13827940733428712,0.3948792198521752,0.19970742172570705,0.7357884025222051,bird
0.7531220526618222,0.1424217750349432,0.40673959910189794,0.21502932681948195,0.7004804078525054,bird
0.7385190924709453,0.1335914934621715,0.3450836568144595,0.20974757471377517,0.7041951863466731,bird
0.7316212590810198,0.13436970075861518,0.30189719878781196,0.22101750182044044,0.6620457910523554,bird
0.7403574344121182,0.13083007965140822,0.3691739902048447,0.1946129535919367,0.7608478354501891,bird
0.7529267958238807,0.13891103906130517,0.3804051860787442,0.2219992424023238,0.6783122306662166,bird
0.755413136637766,0.13782608454861023,0.33852707059261666,0.2238697328775018,0.674866009732616,bird
0.7430388512198872,0.13543035867930572,0.35634110627787247,0.21671270159105827,0.6857337032150799,bird
0.7188067677855974,0.13495808012192279,0.33693293341199987,0.22428451718374012,0.6409752638988521,bird
0.7738306125230535,0.15359942534449392,0.41236983778504194,0.1995553600189631,0.7755515599803561,bird
0.7182692389756501,0.12531470681886017,0.3788335431927972,0.2292450529913771,0.6266365804036855,bird
0.7334319087131919,0.12710282414434584,0.4071222560083555,0.22791418458060567,0.6436012561471032,bird
0.7465642577533446,0.13612550691548528,0.4091151631302759,0.2265084213989641,0.6591909955801507,bird
0.7947986841900014,0.14342970815125436,0.3443190419214757,0.2146489254196065,0.7405540146090546,bird
0.7200895155217778,0.12803699154009834,0.3812844924295103,0.2232877513715012,0.6449855509218962,bird
0.7759388805949745,0.13786961033752954,0.38927097009516026,0.21626442499897983,0.7175807240995894,bird
0.7495430611620215,0.13321965325696464,0.3963931785641448,0.217395478051224,0.6895637569770486,bird
0.760355157536724,0.1457124112091704,0.39903871816710945,0.22174890055344346,0.6857777738971728,bird
0.7631651667130731,0.13077486794022236,0.37138320488173615,0.20506021847338848,0.7443297010745124,bird
0.794316237471013,0.14970344998415472,0.4298537353527558,0.195127833634633,0.8141460778750059,bird
0.715860676687426,0.12472529712359544,0.34089198353028183,0.20746283266494675,0.6901070323216435,bird
0.7305207194062967,0.1294638740480092,0.3468538393579331,0.22062196149177982,0.6622350628238326,bird
0.7500372264706145,0.13101898081783314,0.3763647548587635,0.21426726956811415,0.700092298321702,bird
1.1316087420229453,0.40625964294920847,0.8573484793889482,0.14939915742013887,1.5148707562869599,drone
1.026798040258129,0.3695288147541268,0.8250239479956296,0.14735877528353586,1.3935944998745535,drone
1.052003775508148,0.40410133501191503,0.7157771992997265,0.15643077381582599,1.3450011994914106,drone
1.0306965919825701,0.40584351769791577,0.7256822711002534,0.15645966838873906,1.3175163153109393,drone
1.0427744134071535,0.37239577568983695,0.8998820792807838,0.15091426766103766,1.381934729045078,drone
1.0898934786012713,0.37325374133137407,0.8815308091469214,0.14889183469265405,1.463998388852398,drone
1.0639474087796181,0.37540414630418933,0.6468324013895734,0.150419220451323,1.414634623906302,drone
1.0146564709664274,0.3633890840959628,0.8733951613908484,0.15218132234444504,1.3334758821569677,drone
1.1007765078007674,0.4018965843979561,0.9561460703015722,0.1515257620058299,1.452914816951188,drone
1.0601555193388557,0.36584963196659354,0.7308225758401323,0.1480881203619725,1.431781571616625,drone
1.0218811549646516,0.3783131789197978,0.8221302524879717,0.15538048171529287,1.3153201542192017,drone
0.995542320714977,0.36755733763957377,0.7524805601348272,0.15479861876626902,1.28623458517092,drone
1.074651824770609,0.39249539312703874,0.8541742775263008,0.15223473863725015,1.4118270704430815,drone
1.0221026616993705,0.3829235900414934,0.7698075815611939,0.1530063394640964,1.3360188902761694,drone
1.1146457395829952,0.4071497610855665,0.8717110991945868,0.1535268400974885,1.4520449588613502,drone
1.020327253343388,0.3588836346363044,0.6563535622551604,0.15170480605547884,1.3451404348033555,drone
1.1414334954742433,0.42598683581076224,0.8011864795712108,0.1526942550928476,1.4950489560652336,drone
0.9576162333113216,0.3621517466671341,0.7885599800076912,0.14972170434916532,1.2791874199179833,drone
1.0431599054747036,0.38280397764679597,0.6635996868657054,0.15077147308312597,1.3837548972489326,drone
1.022132136037243,0.3643345199966017,0.6466883969627045,0.1503554845575489,1.3596127320265579,drone
1.0685623620343794,0.3574629424390593,0.7419963455977447,0.14944427689998807,1.4300394619925696,drone
1.0444413282617753,0.3732389300187543,0.5470052347770966,0.15349160181761884,1.3609022864162283,drone
1.0284260563529954,0.3550870307154328,0.6541862712220938,0.15061593797812453,1.3656191566398932,drone
1.1057933379720624,0.40908423421358336,0.7378426013628618,0.153343181644293,1.4422382522010722,drone
1.0567339966233527,0.3554711054312474,0.7688972535721247,0.1490136469421677,1.4182966086728455,drone
1.1914287195389979,0.43352783792218813,0.6950212853033332,0.15359097955086481,1.5514217293871932,drone
1.0910645451292114,0.3811316603207024,0.6772322179104661,0.14761267336025694,1.4782714814101179,drone
1.087212267262026,0.3835087657771581,0.7386398170186614,0.14983278941190425,1.45122557640931,drone
1.074117572733877,0.3774805219337395,0.7064993305045514,0.14909541567217055,1.440837363095708,drone
1.055629417090168,0.3705686091819981,0.6569639940980879,0.14975473852436555,1.4098027521192193,drone
1.0778913750911794,0.3709535659011156,0.8921892070344659,0.15149618402870152,1.4229864988022254,drone
1.1244695204236033,0.4066777369219097,0.7339034105030345,0.15204444218712007,1.4791241405418452,drone
1.132975535493676,0.4198705645319984,0.6728233013542044,0.15293333621515787,1.4816508442846614,drone
1.1772583621512136,0.39705682870613723,0.7229576837811651,0.14855184481403366,1.5849703927562555,drone
1.1108332289027933,0.3933476771934453,0.8511899292555983,0.15348649037153542,1.4474588318214732,drone
1.0577756110607754,0.38204338662064075,0.8406657348328486,0.149895885896186,1.4113388026041074,drone
1.1084819481129196,0.3804052412121962,0.6840398245711966,0.14859914879619163,1.491900033574192,drone
1.0368986245167666,0.3580520951817714,0.8406809452300316,0.1515213017914011,1.368642690573885,drone
1.1535233290584372,0.42535656476143663,0.7028927916281507,0.1521322799676004,1.5164653678866291,drone
1.0677495161324118,0.3901361115140615,0.7020547315575407,0.1518192213020711,1.4065983584628785,drone
1.0981522571204327,0.3905045261581313,0.8969679104061871,0.14973803337719704,1.4667560099288857,drone
1.1267157533460175,0.4295174042437609,0.7218981388243713,0.15569054405607888,1.4473703906557294,drone
1.1599768958443517,0.44129277774378256,0.9428531126657447,0.15282700748811567,1.518017335805802,drone
1.09796121784912,0.3744872731136873,0.7878613934704815,0.14992426081417928,1.4646792545139327,drone
1.087137339427653,0.3915851865200968,0.6877607168395652,0.14921721424046017,1.457111941278399,drone
1.0562319385682004,0.3605126183251035,0.955321069853981,0.1487688752999272,1.4199551910856505,drone
1.1386099801761298,0.4122548242821265,0.9054550756501042,0.1524185670039342,1.4940481900556404,drone
1.035661956581889,0.35049004616311813,0.6639763942869591,0.14733979675612155,1.405805870343552,drone
1.054079380821953,0.34203351680271366,0.7059449289093598,0.14790991780431215,1.4252906272581214,drone
1.1284074800623949,0.39259037220320614,0.8445608307141282,0.1489394536388939,1.5152476781310844,drone
1.0474842356453238,0.37816463613799434,0.723187528027968,0.1577338718000856,1.3281591593182953,drone
1.1225203800804635,0.3843117635848257,0.7110232872696475,0.14916442698348892,1.50506897045696,drone
1.0874353002719095,0.3574762288741694,0.708965730654153,0.14748708936397292,1.4746087970927797,drone
1.0425961832095427,0.3860936183441419,0.7948140895437192,0.14886948010856968,1.400676637193571,drone
1.1516072236317947,0.41780362120128084,0.844414122145617,0.15250882045113048,1.5102085118234783,drone
1.123415741623441,0.3810626669163506,0.7648836173604852,0.1485484253796729,1.5125156323923648,drone
1.0647177876094636,0.3816877183020285,0.7884246335559454,0.15345805209028932,1.3876257214858152,drone
1.0172721289199926,0.3649947933649006,0.8341977311329547,0.1526547375705911,1.3327673874825199,drone
1.033655615037669,0.40419061743946394,0.659125727649712,0.15877997656444862,1.3019902816077318,drone
1.0937353696951415,0.4290751154476805,0.7834205707222521,0.15683141197886777,1.394783426303056,drone
1.1160828040646762,0.38058804518013495,0.6345924418054324,0.15097889222423816,1.47845342910395,drone
0.9850304801662807,0.34672245544871927,0.6031847671361328,0.15168529799559974,1.2987742217989764,drone
1.106657086371199,0.42189739660237524,0.8717022734228757,0.15706858395683082,1.4091308371884406,drone
1.0711312624345706,0.36537459977070436,0.6921206811045161,0.14826216896208969,1.4449065493886333,drone
1.0488796968256553,0.3712989801707944,0.7401220952506911,0.15227876019434058,1.3775705117788044,drone
1.1304952894614961,0.4161549713369749,0.7765081476233301,0.15375196681277808,1.4705357786386999,drone
0.9997466704508216,0.3545320080998253,0.8296085728505487,0.1525572951995027,1.3106432120705864,drone
1.1396155731200284,0.4044533749164861,0.856783829873819,0.15771747485136983,1.4451274473444236,drone
1.048841331996741,0.3647283221491116,0.8615198580917323,0.1467964499103575,1.428965110365301,drone
1.0534699799150995,0.38042369291398404,0.7630922972088625,0.15075387186387493,1.3975943989858781,drone
1.0340123123228142,0.36037729918978395,0.5340110364102503,0.149755512722899,1.3809257717410572,drone
1.0570736854004454,0.3579767430368084,0.7191791952332144,0.14800865171293406,1.4283859448602545,drone
1.0555114948461335,0.3768423415368506,0.800070115985926,0.151876411514023,1.3899530268867586,drone
1.1414920315153538,0.395008824727455,0.6194684902009506,0.14934808741308694,1.5286239299794047,drone
1.0096089458969593,0.3667846631022672,0.7829447034866324,0.14945355572444774,1.3510591881034877,drone
1.1554708822127129,0.42307361207579874,0.8153550433690732,0.15008949505505104,1.5397001737621356,drone
1.0882767187483995,0.3654330591242454,0.8098901479889901,0.1474290544453912,1.4763307162249224,drone
1.0209450803332158,0.35756351627058347,0.776240026020799,0.1507509596384789,1.3544711452251683,drone
1.0569717844107405,0.3784761467579373,0.6605692014667007,0.15083903507122665,1.4014484012575166,drone
1.0849350617287115,0.3980669603928772,0.8987914387399113,0.14982812228371378,1.4482310423135636,drone
1.1211531600797007,0.4350553775034203,0.9649035406132102,0.15580616711609205,1.4391559486598977,drone
1.0340135632963574,0.3664979262103535,0.6633453242841186,0.15140084906453485,1.3659204255285753,drone
1.11687517812508,0.41025171525881843,0.7575977384535186,0.15046823702228934,1.4845241375845826,drone
1.0739097656152925,0.3620488595397429,0.6495304562453613,0.149080552001666,1.4407022335315218,drone
1.0721508332426006,0.3934624343722033,0.6935898238913735,0.15104510972311494,1.4196349616966317,drone
1.000558845467469,0.33637999907967936,0.7436023486931899,0.14737736906085558,1.3578107184704213,drone
1.1578609765978678,0.43264800368417267,0.919405555750587,0.1534590926600644,1.5090071728859762,drone
1.103873969874562,0.37631821611779354,0.7426105036120955,0.1489341994698323,1.4823558928925273,drone
1.0195182539145804,0.3792568828646612,0.6636606462873008,0.15470709352196155,1.3179906058084865,drone
1.0195267999609468,0.34419099861444913,0.7024065411192646,0.14960326778807295,1.3629659509709382,drone
1.1022070508830286,0.39657499187470396,0.8916805690012567,0.15322134200229362,1.4387039360419125,drone
1.0570785789024513,0.4084787868954752,0.7113960099903432,0.15642986875569465,1.3514972242585672,drone
1.0927458127750205,0.4034371868535633,0.7593122098241436,0.15085410958445863,1.448736724893578,drone
1.0783521578877735,0.4222962425218806,0.7563908636663905,0.15338149408906615,1.4060966043962206,drone
1.0590452392055936,0.3628753605596341,0.7388239740425566,0.14749104138402874,1.436072179212667,drone
1.0818925500254604,0.3625330483198497,0.7972277543034233,0.14890732240408572,1.4530999987981557,drone
1.0207428659474054,0.3765212991654837,0.5879588328206692,0.15731027991409616,1.2977374325508624,drone
0.9894611257660502,0.3746739885685351,0.7612671471934712,0.15698690727778247,1.260558134044917,drone
1.0426668457366448,0.36086671945737986,0.7014836075508701,0.14963308697327507,1.393623205719441,drone
1.165284968097828,0.4195497760119831,0.7901426153251727,0.148727837542227,1.5669938924748654,drone
1.0776776036701174,0.4150436785145167,0.7871033070819702,0.1535977909287521,1.4032382146873807,drone
1.1040092011862555,0.37839007552298515,0.6820996293045575,0.15416931238023934,1.4321954302893198,drone
1.0522782404977091,0.36850848961792376,0.7005181102577156,0.15015155377977676,1.401613300372452,drone
1.014586166628166,0.3511848971330501,0.6092918846989582,0.14939271458329076,1.358272643692098,drone
1.113078572564142,0.37760562002727727,1.0022119747719904,0.1485708811542998,1.4983716358324062,drone
1.091550372483035,0.3928254369832196,0.7968337986748969,0.147100536731058,1.4840786438708569,drone
1.083400623298874,0.410827521642989,0.7640439833711671,0.15495494768076662,1.3983348251261492,drone
1.0614223331315646,0.36239544025459736,0.6433797830833339,0.15174666679700044,1.3989317986446266,drone
1.1773771202235166,0.4370654619260437,0.8321827628904528,0.15308460509543548,1.5381956538413146,drone
1.1285014338197348,0.38736801419865413,0.8610810741785941,0.14572899798939645,1.548757774216217,drone
1.0455286091306013,0.37367931665763876,0.6709169758582848,0.14707560731550431,1.4217481143053214,drone
1.0982259039203661,0.4097676285832152,0.6193099044353061,0.1541419812741004,1.4249455582293402,drone
1.0768310937504564,0.40889165569018876,0.8652817023040346,0.1548858796205864,1.3904753686639346,drone
1.090501812496769,0.3893431528012324,0.6917075267521108,0.14758311076600283,1.4778050011354762,drone
1.058830687672745,0.3710249520965449,0.8841178918486765,0.14938116569811907,1.4176143849323903,drone
1.0525308525826689,0.34653251465155316,0.6804182257717738,0.15307532588231085,1.3751724030919332,drone
1.0650179173732426,0.371222157324393,0.6728542936202703,0.1474555512260852,1.4445187555583905,drone
1.0837613661156291,0.4021276384793139,0.9094926683441187,0.1528101291668595,1.418433642924084,drone
1.1268089084897777,0.3853679721992953,0.709326483073345,0.14770345753058056,1.5257627681220138,drone
1.0907903995604915,0.4050291510417003,0.7405266517800072,0.15317308792980436,1.424250389772709,drone
1.1470680161247875,0.39669834288066225,0.8236894874607068,0.14569459188383474,1.5746103487958905,drone
1.0071942928802204,0.3493445293572254,0.752480025184361,0.15075212812295513,1.336217843264039,drone
1.1555036290418628,0.40985971867840465,0.7137054793890908,0.14723127473938674,1.5696348582293806,drone
1.050130155451729,0.355416104703311,0.8693623608149064,0.14954982086985777,1.4043801156564821,drone
1.0501214466129933,0.3855396426063984,0.8676093098420482,0.1566060087679725,1.3410923239829302,drone
1.0772117699995682,0.3684120352970362,0.764336231808116,0.1446181675067712,1.489723181695023,drone
1.0278759078128767,0.36948161528554246,0.7219761817971255,0.1543604809391518,1.3317787881446426,drone
1.0812656539739112,0.3819469848918446,0.7258554596490571,0.15134910604716653,1.42882822776768,drone
1.1146058216767754,0.38365387694817243,0.7325818745927664,0.1523829119772982,1.4628928984576681,drone
1.0979156969959714,0.405051082195192,0.9274685685762636,0.1536565655990341,1.4290433029326992,drone
1.0665160410737258,0.36734219079141095,0.6263316679417699,0.1487513628755821,1.4339495167162664,drone
1.0221151650325242,0.3738217089642572,0.6818457252215999,0.14831774832071012,1.3782694289025097,drone
1.1372973586215451,0.4310027572605267,0.8253905303867398,0.15356413263735186,1.481193352839546,drone
1.1373997390913455,0.4135434318032695,0.7681146849804135,0.15018739675132742,1.514631853866339,drone
1.0317210573568045,0.3772506906834773,0.9148832181671376,0.1524584457362866,1.3534377981556043,drone
1.0240220064940924,0.3737411710402304,0.8751273817841194,0.15172404125497857,1.3498402336683273,drone
1.169216196881864,0.40126578217151304,0.672172294626223,0.15292826258238176,1.5290953640963787,drone
1.0800070941217603,0.38282445298256185,0.8075272882045826,0.1541451233450422,1.4012781310143696,drone
1.100641955020713,0.3932963760431384,0.7218609719363986,0.15081629760243745,1.4595710876986496,drone
1.092130412504646,0.4201493784117805,0.6306678562128792,0.15285190666432427,1.42899642543279,drone
1.147809544996013,0.42746209333469865,0.7882518187545502,0.14968159174115359,1.5336592584135742,drone
1.0270767199303803,0.3667629024442275,0.6954182296367692,0.15409540969725427,1.3330324095191781,drone
1.0397645116037784,0.39982430902192106,0.699657990046251,0.15332017699769981,1.356323195228326,drone
1.0821496027204285,0.3949774781064211,0.8372460705413429,0.15225102057064072,1.4215252636739122,drone
1.1022056270350877,0.3756873469045565,0.7642532781555629,0.15161679633064604,1.4539276199325128,drone
1.008838326572334,0.3788825958416528,0.6104382320569773,0.15436315148929738,1.3070899219839196,drone
1.0465550854932426,0.40855155773895774,0.7632629319334994,0.15824060227360487,1.3227317060667785,drone
1.0875947202813554,0.407553860871907,0.9228879346151632,0.15282210102221375,1.423339250512594,drone
1.0763582256095914,0.38378409965810584,0.692899522738,0.14683345061421046,1.4660852166317164,drone
1.0729518739406203,0.41045783063680585,0.6077949605013316,0.15725804897603224,1.3645672402084195,drone
1.5083726250227663,12.424502715904998,48.39466857324201,0.16364761090865454,1.8434300460434125,bird
1.6966414202976565,13.617434911260277,53.11805091177449,0.14683244278033367,2.310975954077688,bird
1.4950826372037749,11.971437240623626,46.47581719063596,0.14210735948307254,2.104146214476867,bird
1.5759311647173835,12.379027029804062,48.497981303438074,0.1455797562910439,2.1650284908544455,bird
1.585540167628844,12.827961664400554,49.90505890418473,0.1315124363491068,2.411223491780407,bird
1.5446758154204376,12.64502781798742,49.23051374865855,0.14766414248368745,2.092134982121488,bird
1.5300917140533763,12.405503880430617,48.44600998517937,0.14758596360418885,2.0734797989606553,bird
1.4492745048441273,11.616529587796045,45.29421668935987,0.14762477734050983,1.9634452605263104,bird
1.515008936872697,12.047267756269905,47.12328120520722,0.14977549932157544,2.0230278524759866,bird
1.5233809987266886,12.285397999569875,47.898204464155846,0.16301930377878313,1.8689478330123994,bird
1.7047932831532404,13.975778485633539,54.54552491195169,0.14305971708631587,2.383316233410304,bird
1.5921979342250554,13.174171403201662,51.250002510365704,0.1428814770797879,2.228683657384935,bird
1.580889357703603,12.678636949164375,49.423257719892355,0.15368901871861415,2.0572456631669085,bird
1.5598208815141599,12.473500538077927,48.713570370663724,0.15552225142525142,2.0059021594083344,bird
1.5730992162084654,12.90595592784224,50.31021197804673,0.14645905455333016,2.148163169096781,bird
1.6731016588746708,13.767931166480633,53.433578867060895,0.14868001329464056,2.250594020406487,bird
1.645499495485736,13.586607999013609,52.914540487244764,0.14125316584726838,2.3298439405357065,bird
1.5422133882463573,12.749902844482508,49.702381551114236,0.16246881339278718,1.898462969584226,bird
1.5120103252314026,11.929441146537808,46.50853657026128,0.15883019346253976,1.9039226512977225,bird
1.374169565561593,11.060059635542004,43.25210286723833,0.18610545744740242,1.4767576404789837,bird
1.7070309768383367,13.915131328797234,54.315764846555666,0.14019097292337673,2.435278292835872,bird
1.4619816319420567,11.974577390213954,46.78011064159535,0.1647468792007732,1.7748122872484209,bird
1.6845182743129479,13.475885584896504,52.69057452494622,0.13119228102619218,2.5679967887656536,bird
1.6430541964886252,13.643595357637123,53.108560592402156,0.14658595433391172,2.2417486172443146,bird
1.5566938062861428,12.421083861163664,48.462019003864704,0.15227170773484114,2.044614658513138,bird
1.6377578232333623,13.384265188185287,52.30040768172252,0.1493787098078272,2.1927464386365805,bird
1.8033351294383073,14.986202064837371,58.50265472094757,0.13333409124900533,2.7049691948308467,bird
1.585678794266304,12.453347440428697,48.64816119712056,0.1552899953714061,2.042204776917603,bird
1.6180565705072345,13.200852353444564,51.30161099120492,0.1365728355663674,2.369499045304467,bird
1.570334636559175,12.858167950067065,50.09977104777695,0.15465309591620496,2.0307718117822398,bird
1.6370319068430705,13.208334468693462,51.50324249320809,0.15950128708387112,2.0526767940290025,bird
1.7434991509800712,14.22889028538167,55.53224190226685,0.13075721530761036,2.6667548829175622,bird
1.682000308470102,13.635997535575587,53.22959323374115,0.1349161417977519,2.4933846531955504,bird
1.4664075213195993,11.828233298892604,45.93085629295925,0.15170514346983202,1.9332225589497274,bird
1.544821130920188,12.623923463372089,49.22907503765148,0.15357151242366682,2.011847488051796,bird
1.4889807780565234,11.988596359571638,46.78147727863987,0.15535943260307225,1.9168097620267295,bird
1.5995869223489327,13.162894009085012,51.20561933012393,0.1361627181974058,2.3495072302409294,bird
1.709471450598836,13.90044122612931,54.13545618627518,0.15415314852967957,2.2178745553973926,bird
1.6050413291300443,13.416994154405124,52.24725568137658,0.1305039963031611,2.4597412491734225,bird
1.6438283282864374,13.551139271099647,52.643687811315075,0.15493164619400868,2.1219925996484976,bird
1.6004504637114785,13.220591938076147,51.34125647145375,0.13264536092040258,2.413110669534183,bird
1.6617091454371,13.666270612501235,53.42722753801734,0.15085396458790684,2.203057061240853,bird
1.5857649044280067,12.734707458251606,49.58966673138924,0.1509149790776,2.1015218967817564,bird
1.5207338485327897,12.126372619018127,47.081333351164545,0.16141821020386593,1.8842058057273074,bird
1.7168225452651682,13.846458749095358,53.895585399172596,0.14352903670949396,2.3922852081280164,bird
1.6095621887633664,12.846557315962,50.13052135489979,0.1551239648492947,2.0751830344860216,bird
1.5532192084566203,12.49059217874452,48.48970776887789,0.15997184250327712,1.9418551633102483,bird
1.431377021675926,11.791217809544536,45.912608448045134,0.16868197022637743,1.6971223175023273,bird
1.5821312944803794,12.727395362718108,49.57774637097704,0.1634206451205451,1.9362582710612757,bird
1.6609921532901424,13.696200096236423,53.39215708225632,0.15469227555730414,2.14746694850038,bird
0.8772662765993613,7.36531789761903,28.64149568907901,0.12775724741806388,1.3733234388143898,bird
0.9370393791948242,7.686493181630025,29.970798028777505,0.12346640768554955,1.517874468062162,bird
0.8800331239787192,6.760087816389171,26.276639968945677,0.12380411905249515,1.4216436844179638,bird
0.9028122113695365,7.731286601103774,29.999727068773122,0.12679273164867175,1.4240655620320615,bird
0.8896060068918166,7.044948328199007,27.455823981174863,0.12529027430303652,1.4200617297861087,bird
0.8175031673288872,6.53183085079021,25.44022849824311,0.12567700067618082,1.3009497556078218,bird
0.854923034626861,6.504985098059544,25.32607671950424,0.12306253328207156,1.3894021986166294,bird
0.8423957982264894,6.781071765274107,26.312821283915625,0.12414457188347627,1.3571107843087398,bird
0.884684371148118,7.088301260777003,27.639121295064083,0.1251714425012606,1.4135460828440667,bird
0.8774432408987894,7.390174625248682,28.700604329761333,0.12584708357674396,1.3944494312639915,bird
0.8642618767887827,7.379131999519016,28.720733134787334,0.12251614414517728,1.4108434770026625,bird
0.9074811272324456,7.607750026885597,29.644525273069934,0.12395345390712868,1.4642182263007675,bird
0.9496642847057917,8.102951445975215,31.505969216163525,0.1231798524328673,1.5419036736199216,bird
0.8901445118002634,6.7887434004096825,26.449257641442756,0.11980957301828714,1.4859209859090392,bird
0.8948555874566205,7.001132261699876,27.25544041185348,0.12523663813863078,1.4290533047952374,bird
0.889110955696968,7.020518194258433,27.293659198633446,0.12801747261499064,1.389036517647895,bird
0.8968029566518195,6.90711279967954,26.925977832894564,0.12156694066325106,1.4753950246979222,bird
0.9107949346546225,7.396865230974598,28.7339355405932,0.1278213171129086,1.4250964680585012,bird
0.8605803668715528,6.884071383442937,26.81211817496184,0.12570162855832243,1.3692331897889907,bird
0.9388605484898435,7.617021402370195,29.70706529698806,0.12350970998809166,1.5202913166980438,bird
0.8818187698387057,6.8045614809064725,26.52301796100217,0.1221989151052727,1.4432407330671138,bird
0.8791590640541117,7.406391677308255,28.90399463191101,0.12152609739244756,1.4468538889477736,bird
0.8416277357135054,6.375223055107579,24.80406607384216,0.12302039764589204,1.3682634486583916,bird
0.9523036365574966,7.878206640872859,30.5733475562158,0.12706945836583639,1.4988604127814988,bird
0.8909729222631788,7.276979806268011,28.332353611584473,0.1265765179928469,1.4077912873669798,bird
0.946498190862991,7.691872459223299,29.959071380202037,0.1259329095307071,1.5031677354907922,bird
0.8993375495308267,7.365902889173056,28.607242740454357,0.12650998878580488,1.4217551813088405,bird
0.9477595384353702,7.938863619415044,30.882802710934012,0.12486682441171709,1.5180216378404765,bird
0.9223081947701754,7.573757358912114,29.438547472768484,0.12408362892895636,1.486580474261983,bird
0.9450479883755805,7.5867856497686885,29.48921792962114,0.12665992773658363,1.4922498378849296,bird
0.930580488939961,7.6541962610255085,29.745123279345126,0.12769863773930015,1.4574532079671285,bird
0.9600614973772248,8.15580383951074,31.78351785277907,0.12403489469285933,1.548039408746731,bird
0.9111309379039618,6.93362776205099,26.92968877413447,0.1215428688345385,1.4992638880722517,bird
0.8915471944729262,7.350304572550539,28.628197197120702,0.12708653956392027,1.403045350886046,bird
0.8657791191199432,6.866035863626001,26.792881262591393,0.12298397573506765,1.407944029848182,bird
0.9560778374138171,8.232874636987772,32.012329380293295,0.12341873942322788,1.5493123008299776,bird
0.8579866028452544,7.089755912955454,27.586482539287267,0.1258973486603857,1.3629841826472704,bird
0.8694497986510328,6.645494101843446,25.87166669850778,0.12379068352442514,1.4046993617825045,bird
0.8780255777985025,6.92347712686905,26.89801315378784,0.12601482876767048,1.3935174474480232,bird
0.9159526999746305,7.35471580912421,28.557546551401487,0.12672856686941322,1.4455244428843477,bird
0.9508472489628719,7.960254553555909,31.015952837495682,0.1260817667239595,1.5082917901297732,bird
0.9512491122982405,7.999773315795013,31.13129769669814,0.12276760297317121,1.549663106449957,bird
0.936069701360891,7.446953171289452,28.923520838176096,0.12792572118430295,1.4634478888278488,bird
0.9575310630032252,7.745992806746392,30.28862590237841,0.12502155426108216,1.5317745420888913,bird
0.8836789868586543,7.608883741676103,29.588652013717823,0.12509119528583895,1.412845448551617,bird
0.834643105355988,6.575688293527175,25.563930346478504,0.1255354055386896,1.3297238669247347,bird
0.8676196544616791,6.801432182569238,26.58124718487362,0.12357394971629275,1.404201014108689,bird
0.8824097533926729,7.34512765818126,28.502492550627473,0.12644014899546685,1.3957646957874315,bird
0.8832934071221948,7.349484957430196,28.553540387678368,0.12271758905505983,1.4395441156079067,bird
0.9270526784344265,7.529043868188765,29.20839376405958,0.127057304900331,1.4592567102108565,bird
1.1847624884999217,8.654827248636083,34.91055992920479,0.3792236377833592,0.6248346327030693,bird
1.2115805292336088,9.170569532611733,36.41875103051849,0.3959924246748852,0.6119200082625109,bird
1.1796731268291787,8.83667095436401,35.10405779332169,0.3869385087302151,0.6097459907548205,bird
1.2510320546444642,9.445381967283485,37.54297016370437,0.3769673376298849,0.663733757233945,bird
1.244895980086727,9.329155460049376,37.22211186165018,0.37801086644232085,0.6586549717163294,bird
1.224471190963993,8.852790065578734,35.743222027134344,0.3863934887837095,0.6337938071487342,bird
1.256409068802632,9.187363940573363,36.92685011539241,0.3984903480907955,0.6305833639531178,bird
1.161030351759638,8.676454324987544,34.665726083686884,0.3953073089813582,0.587405452504945,bird
1.2622724441417774,9.231670258404586,36.99133033520825,0.3709134270174269,0.6806278548430911,bird
1.1924260032138423,8.835940582877107,35.244414361651906,0.38831223113133306,0.6141572635458756,bird
1.172587749283865,8.908874031161494,35.28689918439963,0.394719844714961,0.5941356799627165,bird
1.1864159222623984,8.73088625179014,34.890173326107835,0.37436624829877374,0.6338251419071391,bird
1.2463154169823607,9.080275838055805,36.52084808178606,0.3975812484702267,0.6269477165174248,bird
1.1633882567923837,8.524797587355277,34.29726115190327,0.39287902105530687,0.5922363699609291,bird
1.1322319891626076,8.371312158296389,33.61283893339787,0.38556168465833135,0.5873145612877013,bird
1.1739743245681233,8.530474641050198,34.41905205080572,0.3869970556716063,0.6067086108259717,bird
1.1764686696646027,8.754839547660367,35.06732159107174,0.3877363175809328,0.6068384741382291,bird
1.2206198784971127,9.193112728164145,36.71479056297341,0.3950113521329064,0.6180165498110998,bird
1.186520257011878,8.781454831442957,35.053793131857994,0.3799189506581655,0.6246164246806548,bird
1.1386409614504638,8.565297510916283,34.118946337430685,0.3796312398387351,0.599865739982325,bird
1.2312071475359139,9.046453174656477,36.38794715648321,0.39961615284917484,0.6161938363857177,bird
1.231396038724911,9.139713224291862,36.67245974480005,0.3909614245717887,0.6299311373399188,bird
1.1822570499424274,9.046922442932452,35.85778566606871,0.3900579752250876,0.6061944838277918,bird
1.2030349026724112,8.713607275425868,35.29321519769998,0.38811375875609466,0.6199382208255947,bird
1.1453762910735192,8.514233196436976,33.94447675217711,0.3927829861424669,0.58320972737214,bird
1.2092074437356668,9.05991864850068,36.07067886927821,0.397292121466695,0.6087235573746284,bird
1.1711350437232966,8.611516545121441,34.58993259600042,0.39775173710677436,0.5888763904665804,bird
1.1780041391061609,8.450966958045056,34.171411700144354,0.370978172947187,0.635078822429641,bird
1.1462344424157962,8.518467253630016,34.0462629767096,0.39263995351184244,0.5838592990100182,bird
1.1904928601775422,8.684296686020723,34.874249311374186,0.3784914971791126,0.6290712875109498,bird
1.1681665729647503,8.524897831545822,34.40172454968141,0.3906239892688958,0.5981017802681825,bird
1.1739409692620024,8.720210381393853,34.82989663052853,0.38858035740850827,0.6042193666936141,bird
1.1815668263540617,8.520149893389764,34.380668512241265,0.3896525851123869,0.6064708842668569,bird
1.1579584775146996,8.43223702091415,33.9551883699602,0.39332754781273555,0.5888000809082685,bird
1.187305631174288,8.660621632622558,34.860004306046555,0.36690237273793125,0.64720396117123,bird
1.1658135935215634,8.556430951286139,34.207707152113635,0.38149578019580405,0.6111792217857456,bird
1.1920282795500006,8.809667012554073,35.104719258706524,0.39318535481255523,0.6063431340274669,bird
1.1708291152598114,8.742252794102871,34.865514582714425,0.36871212530886954,0.6350899773035966,bird
1.1834476419703406,8.692409459809888,34.89236649444661,0.3845622180738388,0.6154767450994012,bird
1.1824265571807067,8.660465383925521,34.83676107508751,0.3908144125619481,0.6051079180155471,bird
1.1470872111124946,8.542859483320779,34.19516043949708,0.38930680593307887,0.5892962387588577,bird
1.1676102209834422,8.367735512995216,33.85351921123664,0.38500552297330903,0.6065409728911764,bird
1.2076879727998246,8.59709992999853,34.871707917268,0.3769932160739516,0.6406936167476397,bird
1.1787722740739353,8.62403395011265,34.6951102469192,0.3946935989224865,0.5973090183177686,bird
1.1989513230659892,8.74214465767021,35.20300325402832,0.39386592687903765,0.6088108446800498,bird
1.237589097366376,9.369108593275072,37.18672186709965,0.4012073777768061,0.6169313284494012,bird
1.1546907426933255,8.579351142427232,34.153099495888284,0.39913061639373865,0.5786019543506932,bird
1.2519663419252027,9.042680465352412,36.44032498127712,0.3895581659871468,0.6427610760087569,bird
1.2119903892977564,8.63745914167137,35.07148063693812,0.37135654652441574,0.6527355483844598,bird
1.16305348094011,8.697082686447006,34.85769786041429,0.3960722310214559,0.587292611712387,bird
2.0139724012989184,14.695782222209044,56.79372378932577,0.31498992303034407,1.2787505069002327,drone
2.138470796412385,16.31988421213586,62.83329105659416,0.30036139796522326,1.4239282424620663,drone
2.0078326074919577,14.826556063247294,57.20843690240765,0.3018975176980236,1.330138504197244,drone
2.079085241176686,15.390193978657816,59.30189300635651,0.28385725863522543,1.464876811711137,drone
2.0702928258817286,15.98104941639143,61.722207156926984,0.3176126868377567,1.3036557100051465,drone
1.9512892208944776,14.536740879333449,56.05370800592224,0.2948125277388959,1.323745756773482,drone
2.182037587127502,16.472402061501278,63.427638717299075,0.30011231502639324,1.4541436340857146,drone
1.8922234838325667,13.651274026103819,52.544959682612195,0.3103432495373834,1.2194361586693556,drone
2.0204128030728086,16.736020830899324,64.5940992060665,0.29172154787448223,1.3851616435662792,drone
2.0241985168347365,15.824997138704216,60.959327010488934,0.28750465042343615,1.4081115506460196,drone
2.1277981391853933,17.35155895518725,67.02638693632184,0.24259818802136826,1.7541689720967866,drone
2.0974787496427343,16.29877416163244,62.775902119899584,0.29955122223956443,1.4004105273777296,drone
2.0627334566305944,16.06051095034338,61.922930967886614,0.2821005457921449,1.462406099915213,drone
2.016162242340293,15.827624355555063,61.12168460896032,0.2894339288060956,1.3931724575049544,drone
1.9416440130652006,14.590860732629096,56.06755488820824,0.30756172296108764,1.2626013631823916,drone
1.9148811252734381,14.517049311656944,56.137908444137416,0.30256374002336267,1.26576722523837,drone
2.1710264469547096,16.146735650338297,62.294400676795654,0.3072140855719008,1.413360401704847,drone
2.178877279601151,16.83298850813224,64.93433039079866,0.31020117392691376,1.4048122197937687,drone
1.9656799645214107,14.041011649385366,54.15562763685227,0.3038850178634731,1.2936965977432506,drone
2.080462574303697,15.808920039108317,60.88937843647268,0.30310103879995215,1.3727814216648468,drone
2.0640415489079875,14.655577250169609,56.46565853495157,0.3034612006878538,1.3603296855130917,drone
2.310289569362042,17.477764841219038,67.24050150453657,0.3014357525081464,1.5328531762385063,drone
2.2565649469494966,17.27494541900635,66.59524428539727,0.30055313732371786,1.5016041850477702,drone
2.1090308902088055,17.77702351278923,68.54749772426686,0.2800727008404806,1.506055421195634,drone
2.0540189775359488,15.540589890417943,59.93509609743136,0.31072118339264687,1.3220946108946525,drone
1.9490044249387115,14.301764178977404,54.99721790039129,0.2905316868093094,1.3416775961008875,drone
2.1484427019632224,17.33582479629411,66.92197116330148,0.2698461312694306,1.5923418645232514,drone
2.1932281421548954,17.030028375064425,65.69524106740546,0.29639818488489195,1.4799162808638693,drone
2.068827442608612,15.673236932185162,60.355773971748775,0.30015772813867236,1.378490047910618,drone
2.109593480783194,16.589762947760835,63.90109147779218,0.30472785359768595,1.3845719849265619,drone
2.0509278252279133,16.19372323253073,62.38503992821201,0.2857686532453112,1.4353724705695772,drone
2.0802462481756647,15.926083732320134,61.403732695403775,0.30384914520918427,1.369259120105634,drone
2.019920995128093,14.895317817607054,57.4830716416851,0.2909829278598303,1.3883396419273302,drone
1.9699012514276355,14.180202099971673,54.72976860078796,0.3172575825365132,1.2418279194167405,drone
2.1121693980689904,17.69470073951256,68.34428328308888,0.2944729764992864,1.434538367638824,drone
2.0194575122077167,14.798931266406614,57.04295049977027,0.30834976518351237,1.309845381161931,drone
1.9621646127858556,14.640518412679542,56.4675573075153,0.28780296103448477,1.3635435561467526,drone
2.032875152805094,16.50691633997797,63.59922744355936,0.28155925114132435,1.4440083576124554,drone
2.151272699194257,17.571926773579612,67.71870809499433,0.27563722963683746,1.5609405292137037,drone
2.1134192070907134,17.10271191596593,66.13161711585808,0.29231052806232166,1.446005849873922,drone
2.0291010465758665,15.3306363179862,59.09913780942831,0.31342288787182937,1.2947977154055854,drone
2.106708010725286,16.336753462345943,62.91717626231765,0.30853329223763554,1.3656243400405712,drone
2.1914243589617666,18.17194460991546,70.1274592157892,0.3042312072586774,1.4406272970503817,drone
2.097667462309475,15.814526141960878,60.994126811562886,0.3048380239528155,1.3762471177318265,drone
2.014882980743016,16.35839300220576,63.198091512170826,0.2836836551166388,1.42051010253871,drone
2.1786299078062084,16.401096524650537,63.24367403572511,0.29516237407383356,1.4762208607612892,drone
2.0668696817444787,15.707748409590753,60.65433802419843,0.29274809327932194,1.4120428603758375,drone
1.9958301522848922,14.843722011176187,57.24085499032262,0.3030864133405355,1.3170007470417004,drone
2.078727187564214,16.798487099078876,64.72366030960991,0.28224635000850207,1.4729837856586783,drone
2.0133837545553637,15.51966179476502,59.83910498026073,0.29743305379565893,1.3538364821120972,drone
2.0729778949195774,15.66396129225853,60.411690650802555,0.30787716909588786,1.3466232824381934,drone
2.132065741726037,16.045286779696664,61.7632843629075,0.3138619910434045,1.3585975461991628,drone
2.1171575460651497,15.743537402531825,60.785014171184265,0.30300062073272627,1.3974573698081827,drone
2.05154524210095,17.442810802662084,67.13064009206265,0.2999115908405519,1.368096536114202,drone
2.224931103001724,17.537660791911478,67.42129142448684,0.29448114287827953,1.5110816983278628,drone
1.947220294131041,14.955606339122964,57.662668675790925,0.3096657166523809,1.257624243865089,drone
1.9294770793756708,15.100978067898286,58.196046892972376,0.30910428119404393,1.2484281184050905,drone
1.9597732829604844,15.13886303185185,58.373785425008755,0.2971386554300491,1.3190934397065428,drone
1.9269978628202207,14.348879132972343,55.321967285438056,0.2930531271106117,1.315115008555598,drone
2.091947968424135,16.767415630656597,64.61561582137105,0.295940297164119,1.413759865230963,drone
2.1373876959565177,16.628646263276778,64.19840505983173,0.31037097255326307,1.3773082590391745,drone
2.033047483621011,14.61678804566884,56.32732982554638,0.3108290690287897,1.308141851529703,drone
1.9873437405808416,14.406922264429605,55.59080253047753,0.30923575507275164,1.2853228459091435,drone
1.8888928395251718,14.556292986554883,56.31142376839853,0.2908625901339162,1.298818012775668,drone
1.9276133242778446,14.341750588240933,55.23089883830702,0.2994801087643975,1.2873031453067167,drone
2.104247429255958,16.247311003542386,62.50421827669134,0.30369210929800167,1.3857733667455865,drone
2.0635935038030535,15.825116032627824,61.13985456226923,0.28927401405948905,1.4267358426234606,drone
2.059316775110689,15.527514860620146,59.828100271245646,0.30040824173444197,1.3710087017744523,drone
1.983275200711487,17.044225382622013,65.77410916737725,0.2840333640472871,1.3965048165750569,drone
1.9275828708667315,14.1747254250002,54.74672890551511,0.31624488545848645,1.21904157591303,drone
2.1883436532776517,17.01552642736558,65.57394518259004,0.2957553244106574,1.4798299974179483,drone
2.216196187323107,16.86125757423098,65.15654673062278,0.30155561130568903,1.4698387481385942,drone
1.9860278642140268,14.501034036271685,55.947009022560096,0.292428367752252,1.3582968552678236,drone
2.0457119379652626,15.7444303025208,60.55348583030285,0.30199182590314144,1.3548093855605936,drone
1.973778025031062,15.362308861529302,59.201338102922,0.30871257014634224,1.2787125639544283,drone
2.010146119993058,15.17242327812476,58.51710067665417,0.3194270398489698,1.258591906367247,drone
1.8989210934456604,13.682992917481773,52.94513694458561,0.30213158541416535,1.2570127846176478,drone
1.917712039300895,13.85491751604008,53.40638706587139,0.29552184512478447,1.297844552527894,drone
2.0594319035584268,15.597583517735105,60.07518700004676,0.3035359502422185,1.3569573980719212,drone
1.9241342645775912,14.688542357142953,56.581545024093245,0.3003807328565708,1.2811270416347484,drone
2.0259434991263277,16.704364984925235,64.37992429747729,0.2826444270314824,1.433559453730681,drone
2.1268774832105173,17.17590512899895,66.28336718276397,0.274806149349932,1.5479067336753405,drone
2.038071854485054,14.852800039079485,57.41398188769648,0.3097017959105646,1.3161479404429925,drone
1.9328830884012607,15.179775045768013,58.49025057412973,0.3019769827215636,1.2801493786275289,drone
1.9092734507686464,14.740775095333149,56.843114515562895,0.30827930376073065,1.2386616691949135,drone
2.061584837752131,16.455030353514122,63.453367467554216,0.2787967573421441,1.4789118152641896,drone
2.2020078837403685,17.011640098445284,65.69381656469895,0.3018892580367515,1.458814643214463,drone
2.016394684512127,14.71790773948292,56.64493648065544,0.28153794682770444,1.432410201388144,drone
1.983534622073903,14.733215773974766,56.77005294313256,0.2950917913864585,1.3443474505596371,drone
2.204494744547454,17.15213533158903,66.06276709822994,0.30766528341039234,1.4330439355912004,drone
2.0174446474834746,15.820186495558254,60.86219127974627,0.2974723128996279,1.35638806840653,drone
2.0190063724421283,16.24762967447463,62.61728131127223,0.28272823051937024,1.428227271676769,drone
1.9864257828996907,15.383541687448163,59.36044258044622,0.29687408100904816,1.338224390731377,drone
2.1013950532268333,16.075813978209084,61.92499586585262,0.27699130853930615,1.5172960905784556,drone
1.9359247411513534,14.161736272123784,54.695765847159564,0.30319421569272864,1.277016383956668,drone
1.894599833105576,13.939009947551114,53.72459011111991,0.31008860680412537,1.2219702351880464,drone
2.068460044195975,16.086525969000753,61.945573147028156,0.3027404953605536,1.3664870727373448,drone
2.0270215100658,17.30686494047617,66.74561586448621,0.2557346872288066,1.585248545981133,drone
2.1357440567282135,16.33860752639844,63.01869865457384,0.32401649616389394,1.3182903951805285,drone
2.013441712050103,15.10889890185074,58.154013494953105,0.30285540658860743,1.3296356154231952,drone
2.1012801178359597,15.866202314127136,61.30472176706299,0.31790040196088687,1.321970765710332,drone
1.9792202951515907,14.858397621958385,57.17035880716904,0.3101220574530864,1.2764106576116372,drone
1.9384575424921284,14.26354801992797,55.02194213146665,0.3078584963035937,1.2593141459180175,drone
2.059894553768989,14.937129571606548,57.48855793367615,0.29066459842306575,1.417364980825163,drone
2.0632210434391967,15.797717135124222,61.044513092344296,0.28932697567374804,1.4262172119401968,drone
2.2980060452274262,17.473147360197405,67.49189554054092,0.2987683978102496,1.5383154369000556,drone
2.2515470351669236,18.370842619758793,70.86465261099207,0.29047333371715894,1.5502566492424226,drone
2.264276857013321,17.695166013866437,68.36332952743425,0.27747958263831085,1.6320267507710375,drone
1.8943017496363308,14.104546003997358,54.297496150659086,0.302276101918957,1.2533554497151684,drone
1.9697328101426095,15.112725828042821,58.088377326410345,0.29945652782311755,1.315535061175981,drone
2.1158679201183475,16.14593257623344,62.14145159486814,0.2946599308495049,1.4361385519995002,drone
2.0160502483706537,14.738660420730998,56.645481079562565,0.3130704646240051,1.2879179925422732,drone
2.202587053087296,16.573451095674617,63.948085110718836,0.3071721159629431,1.4341025960195897,drone
2.1705531352097815,16.958550192522534,65.41521754444473,0.2990833431074589,1.4514667328238042,drone
2.2641180418483726,17.540977919046046,67.81069902543739,0.2864009103550265,1.5810787367499846,drone
2.100490511922678,15.945335009403971,61.527514300115904,0.29933965804279616,1.403412557479867,drone
1.9955025227674792,15.242932050524063,58.78615736369552,0.3113545260793088,1.2818170560778626,drone
2.1171211939452426,17.928037601519137,69.35886760594603,0.2705663945111449,1.5649504933580076,drone
2.1268601007212626,17.083165291367628,65.93389454339962,0.2858202951714543,1.4882458642038767,drone
2.001145155598418,14.39493435791981,55.61642864939303,0.28920888030224107,1.3838716398042754,drone
1.9504950066201563,14.772567049724078,56.96003932174209,0.3156399885647565,1.2358956141144568,drone
2.190400155696224,16.426329821093102,63.26936821701917,0.2959508723552447,1.4802419667609712,drone
1.9765786602176256,14.938674487425807,57.668195324339095,0.3080781054496359,1.2831641007195462,drone
2.018857471529361,15.216063951159082,58.756836162630066,0.3128761405830665,1.290512360760067,drone
2.070082330570243,15.948185693954951,61.579366876798986,0.30360645316368634,1.3636582139588627,drone
2.053472113191916,16.288171475038062,62.91081432596449,0.2918326479488473,1.4072906057235561,drone
2.03893042403221,17.001663654795482,65.6328566818085,0.308413004472869,1.3222045857836364,drone
1.9904155765756362,15.190709763497734,58.52859250093874,0.2942581415163599,1.352832852460663,drone
2.123543177008026,17.556355340526537,67.57093165470027,0.2668851644963014,1.5913487908540123,drone
1.9349485513195872,14.42822087045996,55.696805337205305,0.2783086455465233,1.3905016446494038,drone
2.230743182371364,17.9292089554461,69.13942476171204,0.27102661429171776,1.6461385108576305,drone
2.1885678806055306,17.686871567902074,68.21805784853346,0.27338421893278186,1.6010884860527814,drone
2.0209680488693165,15.365298031355822,59.30603886372405,0.30908412017625525,1.3077107461429647,drone
2.0568824459662887,15.937475583695342,61.34003602118884,0.2895279765023042,1.4208485218393623,drone
2.1081044058044145,16.032018008466487,61.75371393366274,0.29301358067046623,1.4389086628090035,drone
1.921989005931744,14.420541858252014,55.352626915590506,0.3076822079564179,1.2493308011717277,drone
2.091484830496037,15.765605517413395,60.78837942235832,0.3010744929488484,1.3893435717346518,drone
1.9857309233330034,15.284321385547408,58.98916644104369,0.29556723083216596,1.343671142409263,drone
2.03691060623901,15.97941491497436,61.63959251461923,0.3090776624991699,1.3180542579616277,drone
1.888184960269887,13.611095651154884,52.40374899145089,0.2996293898842567,1.260343766558948,drone
2.074642014680507,15.561116109913153,59.91832894292948,0.30228197472009427,1.372650031850445,drone
2.2114734405120218,16.39377429580299,63.19146836162158,0.28937502157011247,1.5284439931709843,drone
2.205446575642853,17.036944865569875,65.59707071002232,0.3067583867802574,1.437901127095688,drone
2.0812345158341032,15.445551939167276,59.583456578524874,0.30546963162920426,1.362642405074724,drone
2.127898708326905,16.65756731759741,64.13428308692704,0.30065424153800696,1.4155086069699923,drone
2.0946439233134835,16.533225723410705,63.77751260926974,0.2930145844251947,1.4297161723532081,drone
2.0278684732588417,15.2338700585507,58.648791327031915,0.3021378272757439,1.3423432624208005,drone
2.0725237949102113,16.142765280833814,62.21023942210392,0.3032548151422922,1.366849603163996,drone
2.1537727966083433,16.539139325705186,63.68944652978824,0.29781371916128296,1.4463855417788247,drone
2.2047188411845613,16.478068221965305,63.63937470845268,0.29738871014581847,1.4827147878592248,drone
2.7088054649660402,11.644190022683,66.51612614175043,0.08172332026514281,6.629134688886969,bird
2.4720005495140724,10.545939150014762,60.318050609236224,0.08388029951702823,5.894049189313812,bird
2.644550421825351,11.36657018180274,64.48776499214802,0.07728383131093994,6.843652221459144,bird
2.590798007031423,10.990316406011006,62.709048366763795,0.0797650562562306,6.495996420619238,bird
2.456698837203284,10.366418926221957,60.20180723612952,0.08153504824453829,6.026048245958235,bird
2.701844470298888,11.474723754770128,65.83235967760139,0.0782101680006644,6.909106974892727,bird
2.5610818944450395,11.019503312453777,62.64182035634783,0.07708257403599397,6.6449538058031115,bird
2.709486574468012,11.461253247762238,65.4889210761234,0.08040214160017259,6.739758392767386,bird
2.63241759654678,11.294471118335766,63.92993379682203,0.07931240395271895,6.638019732494418,bird
2.4217135768697253,10.548405196429078,60.10148386187797,0.07608369432653815,6.365841476118494,bird
2.6597765443945547,11.546620971566037,65.45266101772295,0.07744869334623271,6.868403365499959,bird
2.5441938565512885,10.725590223283346,62.45268819385158,0.07876567303761453,6.460082148343885,bird
2.455011137522585,10.574008879949833,61.038725953374644,0.07711870052482826,6.366759945362833,bird
2.402297431164116,9.839309812137047,57.558309458192134,0.08027501016802076,5.985099030068002,bird
2.646663603313259,11.497692463949015,65.53767661876351,0.07759287400849774,6.821841941593888,bird
2.5129803685488095,10.689803199000531,61.91737303380677,0.08072209536580274,6.226179428610371,bird
2.784829775736464,11.806107036403692,67.4812244947772,0.083943892252988,6.634905183209736,bird
2.316472646467697,9.955412284813685,57.416272869688484,0.07981171628396587,5.804775498116437,bird
2.5382964645357085,10.89743918189019,61.57577286717945,0.08050337779529275,6.305988729197688,bird
2.4971890811248114,10.581600183875928,60.12212868903999,0.08150017783081162,6.127987705966552,bird
2.5568602362101527,11.055670289114172,63.67962901820105,0.08254904348350516,6.194696389658138,bird
2.5795012757812703,10.930319987922543,62.18479588653643,0.08162273788567052,6.320473446005027,bird
2.3726887495614943,9.991093213272823,58.34457245421915,0.0804041268096492,5.901839203113761,bird
2.6395742884148503,11.32550353102492,64.90684101162864,0.07845427638550202,6.728869036341803,bird
2.54193049665769,10.799271952454381,62.595577841390664,0.07761876333941438,6.549704407248996,bird
2.5606876083839047,10.954910095675764,63.17155303947252,0.0773407016084479,6.621756707304648,bird
2.3939771579060567,9.965789802835284,57.77583905390866,0.08023635661529861,5.967243124759449,bird
2.483277983889308,10.484397636369643,59.916352320364425,0.079204920881989,6.270440246960451,bird
2.426577783274859,10.421044078549965,59.21976138800212,0.07869594881018517,6.1668965854285025,bird
2.718319899745455,11.710970158604452,66.94682218873514,0.08483138315693613,6.40868963763548,bird
2.5692743561569937,11.18425526249024,63.767835551160026,0.07632517339370726,6.732360073364377,bird
2.508272509359649,10.79790319074748,61.4823705664126,0.07889628820748941,6.35832884230199,bird
2.4463618776293634,10.472048030036067,60.26709050603551,0.07903028942413681,6.190874152536298,bird
2.593341811828135,11.032997497874984,62.49336759044885,0.0828838875251793,6.257700200611501,bird
2.501720867809909,10.543666651565927,60.560078817343495,0.08266315657133488,6.052739114315119,bird
2.411680523814961,10.459384381255498,60.03973695829064,0.07859855269250526,6.136631496016829,bird
2.4502658410839087,10.29185967240732,60.35147917689604,0.08294677493468225,5.907977165622896,bird
2.443406844507528,10.611217994107962,60.51979882306736,0.0732658177209875,6.6698919789424425,bird
2.5819183641855266,11.083357948744455,63.405827150500926,0.0814692199938384,6.3383170682081955,bird
2.6494572779319236,11.334345260517562,65.0715216243826,0.08364454743703967,6.334968157055593,bird
2.5567907924213595,10.904346670273371,62.7286864798423,0.0799543585304506,6.395550929454877,bird
2.5285835348828356,10.62173067225317,61.84610288129737,0.08546613171119963,5.9170946938150895,bird
2.4585156049569252,10.485818466344806,60.748527171057624,0.07805057690183595,6.299725564365085,bird
2.498655253195018,10.913605779944598,63.005422492134564,0.07411196476618397,6.742834428410793,bird
2.5545823090275124,10.936312209347694,62.60611563733153,0.07861642409588515,6.498773985636511,bird
2.6279984740933675,11.191486094014058,64.0096043681644,0.0821778200349101,6.395809955274011,bird
2.53055185649208,10.978239356569677,63.4152276992286,0.074925859551078,6.754730936438877,bird
2.5066387402621872,10.786066936516306,61.500469407879244,0.07798546171857566,6.428399725547689,bird
2.6470869016925893,11.16879206667395,64.46761841706359,0.08357222629549785,6.33477762356678,bird
2.5306784218839615,10.735382201785903,61.42776326646957,0.08102677835578734,6.246451520077522,bird
1.5584486134381699,6.525057409502207,37.196765413461065,0.08470792497237609,3.6795411125489554,bird
1.4940523535520118,6.183293912124585,34.911331034814815,0.09061230075229038,3.297647335155492,bird
1.3721991574224042,5.63575689670468,31.379682422285732,0.09126969813641155,3.0068801558099407,bird
1.441286983108472,5.989473007173905,33.31809791042211,0.07921447928601345,3.638905297576384,bird
1.3344652150325949,5.547146214455629,31.04028848337441,0.08407909904505012,3.174273812103087,bird
1.4672935523633097,6.075726070827178,34.29908525182621,0.08552405305284522,3.4312629429744543,bird
1.4273973927260917,5.899003801714346,33.219033201846585,0.08247568028120818,3.4613384771542384,bird
1.439252432575209,5.920567124523325,33.564007142303026,0.08307993888237794,3.4647022610017157,bird
1.5056050880053546,6.222724418814801,35.36766550117345,0.08615412773911854,3.4951054730735227,bird
1.4644178578286404,6.059800006088632,34.18481908556671,0.08529739282402204,3.4336380343454938,bird
1.466715445623061,6.01536302736673,34.337836623451004,0.08252694259628562,3.5544727587657654,bird
1.4821199066086925,6.043002864256118,34.962804322642896,0.0855469105005034,3.465008282764157,bird
1.4626454550396428,6.063490429949608,34.31597633877663,0.08696804546399399,3.363602802205077,bird
1.5699741329841022,6.377646017936557,36.993707756002244,0.09075922352903362,3.4596111113446826,bird
1.379449696034432,5.702820888299825,32.037681279496965,0.08388267815257644,3.288961166124435,bird
1.5367918126978362,6.326384008023479,35.909295717474606,0.08934436225360005,3.4401182184516053,bird
1.478172495838796,6.088833452593219,35.1367055287892,0.08393298952834478,3.522229043717172,bird
1.4719061623892622,6.019136631485435,33.85057916278493,0.0845783357872587,3.4805365310477803,bird
1.438989385827143,5.865526816436283,33.39781322193394,0.08843179468558095,3.2544273696617165,bird
1.5242257278327613,6.321903855124852,35.793599929657276,0.0855061270308296,3.565145971155629,bird
1.5103133903911634,6.260522290688923,35.453326145006926,0.08502203010193957,3.5527188264475096,bird
1.5252413754618046,6.317016931918405,36.17364365963852,0.08392972251013668,3.6345275008261195,bird
1.4309676246927299,5.839824373437024,33.05897660602045,0.08342497403276991,3.430511386986888,bird
1.5409440860103036,6.341615352326708,36.860603506127454,0.08781818313568795,3.5093592623536245,bird
1.4138118760899152,5.89230360729242,32.66165921481204,0.08406346433431877,3.363640078641866,bird
1.4111504015704308,5.847315054311842,32.74034124331229,0.08206381564521964,3.439114605640454,bird
1.410124792190369,5.815489101540393,32.79392599740948,0.0844963739532608,3.337679869325385,bird
1.4077073873215071,5.731358791848877,32.575186195836395,0.08644672726990858,3.256785477021822,bird
1.3507811971647712,5.549859414407287,31.41680154665275,0.08578649219826343,3.149135714684315,bird
1.430248392879036,5.915464684208276,33.70742881289871,0.08470553249769096,3.3769521544271077,bird
1.5023598367212576,6.137869458810916,35.46806716181622,0.08849999916185045,3.3951278580355817,bird
1.4886118600977545,6.117014392812775,34.752164007494734,0.08435366398390744,3.5294149266087853,bird
1.4587454231763697,5.945684348166528,33.228936885884394,0.08143930727849023,3.5823700545880492,bird
1.3985872918280147,5.7241978668180575,32.386797749023074,0.08660258716808579,3.2298625412986763,bird
1.5707537296703482,6.377586084614212,36.498843088000555,0.08915364827103714,3.523663693855296,bird
1.393688044250717,5.736657660103203,32.631335269581044,0.08568017266287252,3.253198143467003,bird
1.4776536646867326,6.166268565858262,34.714109304712416,0.08456183831435829,3.494809011255849,bird
1.396300967603821,5.7014258457166305,32.53776696952634,0.08627544471014287,3.2368095123048914,bird
1.457715528232518,6.005294036955102,34.25886357178755,0.08458423317232769,3.4467403817818405,bird
1.4618319502144737,6.047242628995025,34.67468280780018,0.08473779255468186,3.450209934769201,bird
1.4278389261129145,5.968135243705435,33.512331064770336,0.08622632042424397,3.3118043361250304,bird
1.4340876178749389,5.890982981284354,33.55182442705888,0.08265569385026389,3.4699882086388945,bird
1.4159062158498905,5.798074618406881,32.794960680917086,0.08298700116691192,3.412318235523692,bird
1.5316975842271763,6.297100234252342,36.15131464602911,0.08762657973969137,3.4959285971782412,bird
1.4145957431493186,5.864923330545314,33.16889742036822,0.0822709582517285,3.438831176183344,bird
1.5656599576039316,6.433331868632928,36.892427755110255,0.08777327818972404,3.5674715700415884,bird
1.4911816188880953,6.090005044900382,34.843420948024885,0.08714579074081918,3.4222323028530686,bird
1.3887941995920408,5.75911815248759,32.59744496130049,0.0839363091224871,3.30912516765103,bird
1.3722515799769035,5.667564526057462,32.03931564773253,0.08334869450403845,3.2927599457368038,bird
1.4418102191549083,5.9829013886295135,33.60222675594712,0.08621452320335361,3.3446676863176443,bird
2.4325586049083996,9.675760577878872,55.80315923414379,0.21436737448189905,2.2695143878594353,bird
2.3525366582576868,9.434436271192109,54.38883711814618,0.2031798731852638,2.3157086623306053,bird
2.620200824625868,10.434992284642547,61.17313152575869,0.21096685230679185,2.483983120767954,bird
2.451204695077059,10.007283093503139,57.715437820110395,0.21171674968954557,2.3155419511337114,bird
2.296807370843243,9.15569131453253,52.05236429302403,0.21042521795809155,2.183006690483112,bird
2.6170389772072093,10.617120941481087,61.75594030185833,0.2072815589849054,2.5250952937298723,bird
2.4458163569884586,9.785501408541394,56.080068613761036,0.21452132384234845,2.2802459621192366,bird
2.4554531704572846,10.04734161022434,57.84798660117521,0.2047785946833514,2.3981443450010556,bird
2.446928893660281,9.96882434581286,57.83303858022578,0.2047322871154008,2.390359560643214,bird
2.397359168174865,9.456601375874461,54.83373943452828,0.2156237440525066,2.2236419076902587,bird
2.5034704292126246,10.212231233866465,59.6638352582581,0.20203842229513644,2.4782019306302883,bird
2.555455398771501,10.26541232153674,59.065570059825866,0.20806413329373757,2.4564014187955667,bird
2.6372458172832407,10.713523445429162,62.30703988155881,0.21934463065432036,2.404650522739286,bird
2.3736922632977766,9.660720113080627,55.18431964155552,0.20665491423725038,2.297242903500562,bird
2.543541598017588,10.256190038298486,58.80187108297921,0.21304400860072922,2.3877993195376033,bird
2.493573092144938,10.16190829651226,58.11531210971206,0.211617216962098,2.35667337414325,bird
2.4398399948711926,9.866216295068098,56.622267575557935,0.22729094526716867,2.1468793747742967,bird
2.464609926398332,9.86469361543695,56.82653342477712,0.2202213316918558,2.2382942539390367,bird
2.5203848405993443,10.391014333403886,60.689917476093214,0.21229167534917304,2.374445423281307,bird
2.2756372818889217,9.067545316343281,51.42661153608905,0.21834901198954434,2.0843956743148055,bird
2.5629829848318657,10.260184808789946,58.50649320447115,0.22028758669502174,2.3269340220104366,bird
2.33843364324164,9.431936659800206,54.00408358753549,0.20384366496193315,2.2943308468861803,bird
2.4747046963498924,9.94385876806766,57.33348501853871,0.21607882290892005,2.2905485970755497,bird
2.4831863442115543,10.042406842047136,57.50537030085342,0.21716167076078144,2.2869384706400004,bird
2.46725332521863,9.775670524071792,56.39553514327426,0.2100350917108187,2.3493631774543853,bird
2.5064613271072083,10.289588762052167,59.04879353131128,0.21062046746221147,2.380064446862392,bird
2.4572663664594585,9.87430719222459,57.33447631022684,0.21483498231348205,2.287576136734069,bird
2.6143769363413285,10.494556726859122,61.008662855718825,0.21350054983068426,2.44904922695271,bird
2.3133288912031285,9.13849795460335,52.57203325744609,0.21127615671235042,2.189854102404904,bird
2.405471214071686,9.608692022331358,55.27696697057284,0.20049669994921962,2.3995019783723333,bird
2.3411860069078596,9.48744074871737,53.93096496569017,0.21200712351572165,2.2085831816455226,bird
2.479954434167721,9.9960989911115,57.45179296761158,0.21853782823371967,2.269579678964231,bird
2.618925822196059,10.535214841357456,61.2461146141693,0.21067810477127916,2.4861771841750224,bird
2.534925982446069,10.432415932432871,60.674156657101044,0.20902885197135906,2.42542200213743,bird
2.503652964290581,9.991138572356046,56.97085514455278,0.22387026168434723,2.2366917025120068,bird
2.294364852927155,9.243664985925212,52.04016717457745,0.20871224238874492,2.1985827656629833,bird
2.3251818656013366,9.349482015435301,53.301252316874994,0.2027451850396061,2.29368925021279,bird
2.3895142829403775,9.556273633764137,54.36872969889157,0.22965934595212392,2.080913171696734,bird
2.4020460898462592,9.69474084890434,56.2647343382188,0.20314813701154028,2.3648124198868437,bird
2.559095641671737,10.31746459496151,59.2410986379666,0.22110904398034315,2.314772900288304,bird
2.5102758101051164,10.005855128145006,58.25605271521741,0.2073718647228118,2.421028249446869,bird
2.5614692360312303,10.254430163687237,59.855415915626494,0.21724715716420243,2.3581063412734817,bird
2.437883891461022,9.854910975031563,56.58335694712807,0.21703438402421366,2.246533073597371,bird
2.697647383238856,10.906745035821526,63.42072280819403,0.21610657934541028,2.496580221309245,bird
2.57790707373375,10.324069726132539,60.4428928602283,0.20298489723813257,2.5399884140936413,bird
2.535708474044337,10.28883396057308,59.84422934996407,0.18863611888511558,2.6884533834950854,bird
2.4635014013446406,9.99562302434587,57.878460344086335,0.19727634045598172,2.497502618839855,bird
2.383032669507779,9.403949207662848,53.071679484902475,0.22207554928636017,2.146137972316888,bird
2.37431558193124,9.518109285634527,55.02643488369629,0.20309726360601124,2.3380972729314466,bird
2.3584627689733684,9.401083151466462,53.812667534197956,0.20609800769582093,2.2886715293773685,bird
2.5467211430132446,9.583015926531946,56.52044414387904,0.1265031428468865,4.026307950170502,drone
2.841823018515704,11.329194112287226,65.6944609485627,0.12357897683223097,4.599167866504227,drone
2.527875197711574,8.906578318772292,53.90870880851977,0.14093730711919117,3.5872109885009076,drone
2.5548860746868414,9.549224994430288,56.46439271521179,0.13037764265355034,3.919181955843323,drone
2.6067574966505953,9.122596016752698,55.16574606527646,0.13283126076419577,3.9248892807208615,drone
2.9877912424473916,12.021567032443972,69.37262326945533,0.11927116680980479,5.010043353063734,drone
2.76236568957197,10.715204891573006,62.81995665070677,0.1260530583279286,4.382830566638145,drone
2.8313015722849597,10.950286389424111,64.3424052371919,0.13403984012601589,4.224539080242778,drone
2.9954489015821344,11.904537684048735,68.60778083499675,0.1275139353846809,4.6981967859384515,drone
2.5724745168342085,9.355143317748931,55.69063098383713,0.14197955357991213,3.6237026972111392,drone
2.5842948200848244,9.893920025789113,58.81703088196578,0.12516863008338533,4.129271430742452,drone
2.8419423016240213,11.112977475099848,64.41662684004116,0.13136718234932188,4.326686301556252,drone
2.4371175237783875,8.716111782734988,52.47842323414234,0.12525845493946883,3.8913141920189402,drone
2.622060881264835,9.711326298918816,57.467879106548764,0.1349482709451446,3.8859979909925273,drone
2.6784561780457765,10.196329342225646,60.364222516910495,0.13123538276135494,4.081883795380871,drone
2.777550127711694,10.707613625560434,62.01616350150572,0.12601936617064521,4.408100744554583,drone
2.890526756951526,11.181905390341134,65.06127315357394,0.12200726573136109,4.738251219328321,drone
2.585981859667291,9.244135183652645,55.66465553370008,0.1348963949319112,3.834001286293865,drone
2.685397933434812,10.134216497032533,59.92796342161785,0.13112248133698945,4.095986553057919,drone
2.820913385198525,11.306438582688262,65.36867890721457,0.1181264209747148,4.776055582401513,drone
2.9297591738005053,11.712799684863223,67.51135601995793,0.12150790023436535,4.822299456142495,drone
2.508405361359534,9.23678465094378,55.037601015310194,0.12824662878240625,3.911818708663688,drone
2.5725750828770013,9.34683134004003,56.01828676829602,0.12809077815927933,4.016771689620279,drone
2.432321790806878,8.861964319869111,53.16830339833286,0.1232111116490767,3.9481893526372454,drone
2.901637705016727,11.261682234685507,65.52163887770627,0.1223955764121591,4.74137449160623,drone
2.7960520095275716,10.941036894720218,63.592423668136114,0.12515715881824038,4.468033522939454,drone
2.900578935980065,11.39577604226526,66.08565128741057,0.1277576617328425,4.540719536473358,drone
2.564347513685885,9.402595424325522,56.21750795352577,0.13484165992773817,3.8034692678395645,drone
2.419684731165703,8.622843497814664,51.856829064464904,0.13238265607773272,3.6555670670917815,drone
2.6588345044028703,9.757839602577016,58.63023051350809,0.13119046305183907,4.053368366505931,drone
2.5573253318193867,9.358505202131573,55.69616658362009,0.13148341309483336,3.8899323767225793,drone
2.766059090308303,10.984901434874303,63.43345380821159,0.11951268949555419,4.628861036433627,drone
2.631328000225517,10.24894056556413,60.000539842751536,0.12153798463633594,4.330018245815046,drone
2.829480941914086,11.042030061267294,64.26599721162775,0.12600525279717106,4.491020314730692,drone
2.897864466919229,11.097223929097314,64.8067662724368,0.12674447077802597,4.572734264031597,drone
2.9443707799650753,11.661909725816171,67.70108346264144,0.12925948220726954,4.555720488056263,drone
2.4962603649788355,9.41544380712848,55.73363265294457,0.12130922503916873,4.115501988657849,drone
2.8684620614876337,11.123220670020048,64.8707812332988,0.12145305647432786,4.723538166614506,drone
2.900467033290665,11.362309128364076,65.99812733007302,0.12244895003579924,4.737395732366022,drone
2.5954023142152507,9.159234794441003,55.087084235097144,0.13573221934304597,3.824272942289917,drone
2.7074252221131556,10.244211192213289,59.70573475789946,0.13500795202299848,4.010737580677823,drone
2.7000063786326707,10.686718323188963,61.77865515981754,0.12693052692447543,4.2542756776613615,drone
2.9950842112219718,11.978485441894318,68.64910844913508,0.12135517514002982,4.936026706194763,drone
2.750354938017736,10.247642692301714,60.929153157630665,0.12392971726632357,4.438539853470894,drone
2.859375696406626,11.457293080423717,66.2700848995624,0.12697471768156504,4.503818582156114,drone
2.701083353274084,9.88430424056132,58.91459525283129,0.1335679011784095,4.044482645720414,drone
2.8634273558761003,11.366103473672354,65.60005407386198,0.12767132717512034,4.485591686078545,drone
2.7315937941164226,10.542965421575024,61.563937528883436,0.1324160197724833,4.125747557321217,drone
2.859993518204874,11.38450980059573,66.15211505731295,0.12632602288613112,4.527924019478459,drone
2.713328619460794,10.432106684158477,61.62333125474504,0.12797439785192652,4.240394381491203,drone
2.681956568449142,9.854885391034282,59.342184177505025,0.12296208137919479,4.362217803767466,drone
2.677685226972044,10.395098165161802,60.20044393031051,0.1311224040364525,4.084224915873866,drone
2.8554655760474206,11.447030242011257,66.21518994931765,0.1234473170856344,4.626175435693456,drone
2.5114171934025307,8.582287315561812,51.95985741611589,0.13881691213400843,3.618292717287641,drone
2.8164771036544387,11.339556575633756,65.0598109596815,0.12752600046174037,4.417071438386984,drone
2.4958115605705222,8.926162593675462,53.639127340233095,0.13502857311910305,3.696691768401654,drone
2.9444121328605837,11.514906298343321,66.78025905270587,0.12930302133724356,4.55425045240873,drone
2.854130025881664,10.924110568484629,63.907897003409865,0.1278535742727636,4.46465419856458,drone
2.9255753642533326,11.581646926977637,67.0501525154981,0.12348476387239216,4.738323856849929,drone
2.6810079553258794,9.843354369208596,58.36575552734807,0.13722832961597928,3.9073427052580962,drone
2.794852600441295,11.185914995930649,64.69011351591672,0.12557822653486095,4.45114198171115,drone
2.9706059971894256,11.762844842012846,68.26965904547319,0.12011613058664718,4.946186042141843,drone
2.523929959595323,9.48508578429842,56.438410975874106,0.1337004353864838,3.775474767977187,drone
2.8770797639180605,11.38775875189065,65.80644863041107,0.1253755275023395,4.589506700932961,drone
2.58070976709588,9.309697024281142,56.1776615646892,0.12814472829526694,4.027776603987603,drone
2.9558835942349004,11.554975650646316,67.30421061311829,0.13030748597736913,4.536751289447062,drone
2.6017678884310267,9.350523807346661,56.17103524442602,0.13567349438899146,3.8353118344649615,drone
2.707751761513583,9.957239234331116,58.8596043280857,0.13411375912417872,4.03796561299748,drone
2.640622941708168,9.77911313187503,57.94240843820121,0.1352721983154338,3.904136350837355,drone
2.4006755933559916,8.639893156012302,52.16387105882764,0.12740301948143115,3.768605611736029,drone
2.6118332141275156,9.343179244191926,55.88924205228018,0.13695580266951918,3.8141008736558106,drone
2.677229699724659,10.108428007974458,60.114929768576225,0.1305475200919138,4.101512356635762,drone
2.783238325808654,10.689053330688472,62.430989569682744,0.13200614719583967,4.216802819393861,drone
2.6039120335190327,10.021651392693824,58.537660785980705,0.1244632429060803,4.184196289358726,drone
3.017653059669059,11.8120748911348,68.58718949960911,0.11901626694118302,5.070954074683902,drone
2.5193407144051236,9.211487583923779,55.33415948009262,0.13109720311211936,3.843443571386638,drone
2.7562292967572835,10.404170316733598,61.217914055439685,0.13832977881764205,3.984986602806342,drone
2.527540095118824,9.22470074027512,55.32868220684334,0.13714795608638886,3.685835006341559,drone
3.083786284227564,12.1519655899234,70.07697774462214,0.12516120624931976,4.927667614117691,drone
2.842966000937277,10.861922643457454,64.11516070038495,0.12512254836424577,4.544257755559757,drone
2.503560476164112,8.943194793613225,53.99925159808635,0.1316199981884955,3.8041991983797274,drone
3.0170210788933867,11.618231560318046,67.30584327318631,0.13943373666414394,4.327506279522334,drone
2.8370319756334554,11.245521660309864,65.5513906698366,0.1295715354350616,4.379067270252706,drone
2.6149582336457975,9.423361074834991,56.575045261104144,0.12970278865385565,4.032203457942816,drone
2.658078566184475,9.605460713447103,57.18280169136702,0.13416002220033796,3.9625230175391346,drone
2.9697361257745243,11.939561536579992,68.75720978885924,0.12388291944585578,4.79438899709162,drone
2.5029533546804004,8.932383593752942,53.93895803823777,0.12521579995122462,3.997794797499479,drone
2.602014957728287,9.462637999136803,56.85525454471262,0.13843750456835183,3.7590944043119685,drone
2.844621070564765,11.324970756312581,64.27721609198993,0.13144737349090865,4.328122548334565,drone
2.713546458500585,10.187636132794568,60.08528206237547,0.13690058377518535,3.9642326326532262,drone
2.7170052870830474,10.320003530405883,60.72395559483149,0.1325239175380685,4.10037223360032,drone
3.083159777067877,12.206732131060287,70.42887887983687,0.12599283645730644,4.894147730179607,drone
2.665354924886629,10.251566743615848,60.212818079851836,0.12653598546506387,4.21277154241195,drone
2.5663041451331274,9.775926251274317,57.66561897028433,0.12815827411823097,4.004870058468824,drone
2.5320993418766653,8.763610005098366,52.92369988743586,0.13851160616154165,3.6561312904391747,drone
2.677082424233075,9.53185042790695,57.363571606299004,0.13711171870761124,3.9049398058948324,drone
2.495992712552013,9.000435865567272,54.13017034374616,0.1307585881099616,3.8176851814915493,drone
2.693039755339535,9.668195294766798,57.802382788511444,0.1379647280920094,3.903928819127309,drone
2.6016808981309603,9.793143375293324,57.536644232230834,0.13052779927930772,3.9863738788988705,drone
2.863480991847081,10.651897666237163,63.41288765461697,0.14296918014086102,4.005707035956935,drone
2.810960060347357,10.735200764267026,62.872382943712296,0.12963333932122192,4.3367557142833375,drone
2.6180036887753766,9.804220574657393,58.233260663131354,0.1303352229570876,4.0173111108487225,drone
2.810059564572632,10.975828859621279,64.20356017819083,0.12301877593537806,4.568471680639556,drone
2.8943638288449103,11.552188459341764,66.63785466657721,0.1299236309353393,4.455454094387534,drone
2.677678195750068,10.055720263249182,59.462651654843654,0.12883793774842145,4.156632124831718,drone
2.931675201790874,11.694056767666142,67.4510593448557,0.1246651866420676,4.70324412107714,drone
2.694096800165861,9.682542474800846,58.01518380254412,0.1318605441163901,4.086254219872386,drone
2.753794382292899,11.075997089176914,64.36238791557591,0.11634780017272627,4.733691419621228,drone
2.532224944659807,9.369896562796765,56.04595824052261,0.13758240154204557,3.681006490666103,drone
2.5736473272420697,10.010116300739464,59.01105905113116,0.1194400159198901,4.309490113285936,drone
2.815867025092599,11.191537877610266,64.71380436193492,0.129756305544135,4.340209232853238,drone
2.663456265932431,10.175883153129625,59.964417857803404,0.127884914295796,4.165366313158925,drone
2.597226854790471,9.46659766397918,56.43960145705773,0.1316451858007309,3.945771640483624,drone
2.8158197851820224,11.086304972317084,64.16738533267323,0.13105048472581027,4.297276057127102,drone
2.6056630146436475,9.840819287181075,58.67103550764917,0.12557924663019776,4.149800894763205,drone
2.6208735882689607,10.179109099685874,60.060721352676595,0.13117482730784594,3.995973555092145,drone
2.770811141510702,10.489698272192838,61.95626596571689,0.12476661005319131,4.441558761854463,drone
2.7313003453260043,10.623928011667864,62.029364151890476,0.1287499166258982,4.242769841057938,drone
2.899091366266926,11.498877472236368,66.47736684729725,0.12295613881017614,4.715616699558469,drone
2.5859003539715273,10.004129118522027,58.7427415772455,0.12789045190043086,4.043901893747232,drone
2.741636425450786,10.486502921616124,62.09493111866486,0.1250943414862267,4.383278523668176,drone
2.451436031766428,8.387160510322325,51.06423416456333,0.13688795238309365,3.5816447568923246,drone
2.8792907268567296,11.312311036486445,65.7347459945391,0.11893604870118675,4.841709226363059,drone
2.7850089990258007,10.838903013821053,62.8962175364067,0.1215341698590791,4.583053992089498,drone
2.6783933343188058,10.266606988159811,60.154505568553496,0.12882503385743968,4.1581587149942,drone
2.781803238136819,10.770489178445093,63.30280133626439,0.12002433183108202,4.635363920461005,drone
2.7042520963707113,10.090946975536129,59.38202865405621,0.13055913399656957,4.142542102204485,drone
2.810801238040684,11.073634676774846,63.85854968051583,0.13120172999269802,4.284672257682799,drone
2.8446834710995472,10.755334158806505,63.11147156685912,0.13456684205473804,4.227883427999981,drone
2.8335365043965863,11.018462707206375,64.30838491364167,0.1227692462191701,4.616002424795675,drone
2.941855967944385,11.711302857977152,67.04606565768339,0.12629600925368362,4.658634972893615,drone
2.756572263549192,10.765485985629844,62.91813298191722,0.12607477823745236,4.3728851129404696,drone
2.9218951032071825,11.528430876712907,66.68471246290065,0.11919466017629889,4.9026909811591945,drone
2.97910827365288,11.869132986892653,68.87701787813725,0.12305903277622145,4.84171926450268,drone
2.6245061241277683,9.342678474043234,56.5684237059811,0.14021307502245728,3.7435731374231542,drone
2.7167664268476095,10.741710146856725,61.85825854122546,0.13099514527002246,4.1478603735087,drone
2.830515942382825,10.96306443823501,63.49408618306442,0.12922189452272853,4.380830838416752,drone
2.5053469659887075,9.128348662977805,54.59796813634795,0.12685995586632196,3.949755782836933,drone
2.7408391536932464,10.282075816768408,60.5815337135082,0.1400271138584965,3.914701513603585,drone
2.810273181271784,10.622009063166807,62.7435887323457,0.1292951050897812,4.347038029516407,drone
2.7164642758096114,10.558967352629823,61.644287625373806,0.12209194682841926,4.449833539976518,drone
2.6915694884491015,10.178023618585662,60.03550723742959,0.12816568014372956,4.200111352911474,drone
2.8496310279268964,11.389826450120287,66.13968520825811,0.12023211447376664,4.740180473706877,drone
2.899556868850381,11.46894533476426,66.43207454421217,0.12916474004649356,4.489672241926162,drone
2.538578327563897,9.21323268122236,55.461707473039425,0.12880565689001341,3.9416912443804986,drone
2.922291900160061,11.639109730775834,67.66815163680072,0.12765487014254592,4.578393825065881,drone
2.6670708489394097,10.066047387719141,59.82077785164769,0.12507631778725695,4.264678887839189,drone
2.3967553129553827,8.52259907872493,51.477131303826155,0.13067026482203745,3.6683768747552503,drone
2.7711253113842194,11.095587158962056,63.97047352100266,0.12272087415651786,4.5161101837919855,drone
2.6759139963720853,10.325080422589274,60.23319402003557,0.13295710511768422,4.025201975786605,drone
2.0102544356113925,13.155830126777191,62.123404445821386,0.11778123147835907,3.413513258435606,bird
1.9801846492449329,12.937681517249292,62.038967049222286,0.1359347882793781,2.9134141324255944,bird
1.6336511158479152,10.356033349396968,49.69523370332322,0.13797778590926865,2.3679762247378444,bird
1.999098914578406,13.178988805629595,62.70096589223011,0.12945294004496632,3.0885124286636305,bird
2.0507043843511363,13.501989990213675,64.50870670161353,0.13440060170581955,3.05160950296958,bird
1.8468042820851307,11.790820947361729,56.741675924527186,0.14532716914902286,2.541566126277688,bird
1.9750588582706687,12.963097697275696,61.93779150267032,0.12930854062081423,3.054779142853518,bird
1.8718467965277394,12.27161611498611,58.00801959878575,0.11743373054856782,3.1878955829251754,bird
1.9075954092774845,12.467700609779897,60.16326788973919,0.1376346876361472,2.7719510369760454,bird
1.8842332909785091,12.310653344450072,58.90795629692964,0.13515594758952668,2.788217449351318,bird
1.831536209636399,11.85061891911175,57.09544924845959,0.13859979183909057,2.6428964085258526,bird
1.8317261503412299,11.900328202562205,56.507929179177985,0.13004366751017968,2.817074549503365,bird
1.9184540491305377,12.460947954502087,58.995683473010246,0.12035611250726487,3.187938866116833,bird
1.880199248229605,12.01561276711294,57.1170307906654,0.12315720668025879,3.0533097274707495,bird
1.9112566176717698,12.672240220877931,60.493830819280774,0.1335286723291258,2.862671814174079,bird
2.04356359187107,13.299136793661226,62.960010866000026,0.11066358950358561,3.6932594895441913,bird
2.004544209523662,13.018200964227837,62.03510095742623,0.1340505338456283,2.9907092528343013,bird
2.045661060592385,13.133963061799887,62.65042207170334,0.1326631468498964,3.0839721894417527,bird
1.8634613378951237,12.104788934685885,57.788437923904205,0.1361143544961467,2.7380641009210436,bird
1.8128003584458854,11.338230168680267,54.35868776634837,0.13866972289593388,2.614541513616014,bird
1.9390484009520321,12.863897694605784,61.957794752353166,0.1354495720184063,2.8631107617805123,bird
1.735924807066177,10.923075806786624,51.717702761475074,0.12878999160260313,2.695726112814834,bird
1.8282080667619791,11.827673283449593,56.768897177637996,0.1374126799559705,2.660884316467796,bird
2.0309029210175664,13.348949701302665,63.766390154173614,0.12968911202401887,3.131934291718078,bird
2.037241427515801,13.373811444451476,63.79684591279453,0.13029419284979632,3.1271192938660524,bird
2.1499703509047206,14.206297447478066,67.33557992716058,0.125805396801545,3.4179058068964006,bird
1.620558777661774,10.222577721434202,48.88353618915934,0.1375760557610513,2.3558580537025064,bird
1.9369603644868703,12.559112357747722,60.07617109230878,0.1400197702843925,2.7666779865685727,bird
1.7115685999917438,10.846776872035779,52.027731824261686,0.13954601721122697,2.453036981282583,bird
2.0214547562735556,13.110690378900747,62.22732387473301,0.11950662617813694,3.382974690513823,bird
2.0222306404285177,13.070755117508305,61.96794791399691,0.1208436487175865,3.3468296356620995,bird
2.0564889782693143,13.518774942457036,64.39480061583298,0.12558233347024889,3.2751011883770103,bird
1.833425248069638,11.529788110127758,55.1297839010018,0.14124036054802183,2.5961612203150652,bird
2.1092405061569766,13.796824462223372,65.34310417001801,0.12072233955598557,3.4943403674703823,bird
1.9352901140767131,12.3335701279274,59.16766558709084,0.1342050397657503,2.8840604575949427,bird
1.8039102129615567,11.790432972797193,56.09496865319135,0.1286395023621245,2.8045780651530463,bird
2.0363936243525647,13.373615345601353,63.61186521986034,0.13106323139147236,3.107476741490429,bird
1.9390254691329634,12.300813385180748,59.0542092158326,0.14303573004112197,2.711229513960528,bird
1.977068396019336,13.02091764751756,61.66377962605879,0.11840074835768542,3.3395959182704202,bird
1.7286074983763067,11.209901716686959,54.01751018716722,0.14036404480588957,2.4630190281921003,bird
1.7616417562984645,11.261778386666187,53.40644350193595,0.12481858965799189,2.822703023498812,bird
1.929933802766602,12.747570566458052,60.63638884712267,0.1268167888433136,3.043635067762612,bird
1.7924028596817674,11.666451779414567,56.28285309858151,0.14305175293426234,2.5059347084566905,bird
2.1165645859889133,14.028155715443141,67.08566071845053,0.13193810308323992,3.20839876846649,bird
1.8974220345285207,12.04662765986099,57.366635225424204,0.12494511660166396,3.037186915540182,bird
1.6335843846961886,10.048294741626387,47.88117311477609,0.1221004520360122,2.6757842176491913,bird
1.7797853426965302,11.306453617008856,54.35044377330643,0.14604100487466548,2.437362823168254,bird
1.9237112367214482,12.593028737408002,60.47985387463897,0.13665359653178558,2.8154380818483493,bird
1.9196578458211002,12.740281748864511,60.87989594423624,0.13466668831821385,2.8509576506529815,bird
1.9428741219219767,12.667333089679195,60.922538240620355,0.140600307493956,2.763666584381746,bird
1.0368030430365112,6.606418581120975,31.086794582029544,0.10005973641505603,2.0723490744015973,bird
1.0916445307490825,6.901883976232117,32.4042369670248,0.10631218985111218,2.0536405794672787,bird
1.0752960244024625,6.819586801721153,32.06682081793819,0.10243564254101761,2.099437970544657,bird
1.1093142384832737,7.058511117369684,33.148113903556116,0.1053241046348468,2.106459100648143,bird
1.0777677499546336,6.894836535526764,32.55225536606709,0.12499672671309536,1.7244611410154973,bird
1.1652416161794927,7.4431649431892914,35.3170801311598,0.12411625829012092,1.8776479023400374,bird
1.10621371496089,7.091683888097449,33.22402273840842,0.11273144539570291,1.962548751672938,bird
1.1607878791621464,7.526196172782555,35.29297176542142,0.09926407300296865,2.3387658370953,bird
1.0912551016838024,6.876367744253592,32.41411652205505,0.11832572860147463,1.8444792441678084,bird
1.1288859108348113,7.247755017638606,34.05706350597078,0.1130422828866046,1.9972647380840416,bird
1.0317907065515275,6.549063557226786,30.846200749504508,0.11903253302282106,1.7336148995551444,bird
1.1572232702455791,7.356796006037392,35.03364773524799,0.12828746447104675,1.8040970414392354,bird
0.9540682779463954,5.843425567109581,27.676599829165234,0.11058603520126843,1.7254627352217768,bird
1.0451141641060318,6.490459425282822,30.567933740343378,0.11663516129469635,1.7920943017793889,bird
1.034503988789624,6.449376195853638,30.652166897438732,0.13210135497091152,1.56621706950283,bird
1.085674344305136,6.907507998697754,32.687372505156084,0.12186670318241362,1.7817275364753073,bird
1.124047428230137,7.150367704375954,33.63786576230013,0.11128977428430867,2.0200206794972106,bird
1.0177724068329432,6.3688377490707095,30.215140563142807,0.13241541294772208,1.537231221396755,bird
1.089105651118303,6.955636693861447,32.99553906552268,0.13395729393235703,1.6260382099886548,bird
1.0343988876742862,6.467216722715022,30.605548202750462,0.11655218797110949,1.7749831354947694,bird
1.115397594983808,7.050328801090869,33.20184042781719,0.10928570406904588,2.0412336464768948,bird
1.0413183351013184,6.515823097655373,30.625831988265368,0.1064264728937499,1.956861588145796,bird
1.0795488823755326,6.877759211642246,32.32276186494334,0.12075121024197247,1.7880413846541465,bird
1.2345238995455268,7.923946062236864,37.15719492504674,0.10956909378837296,2.2533975183731814,bird
1.0057382978926395,6.255052347639936,29.385262002795777,0.11233031637526301,1.7906655684765782,bird
1.011828887591202,6.411384782742923,30.13795052320778,0.11752772712071805,1.7218423475415567,bird
0.9792739753708559,6.016610491333081,28.41109431110593,0.11239191818047702,1.7425915700643662,bird
1.0540838507975676,6.563269492144449,31.142120018318632,0.12300892514120933,1.7138205601635363,bird
1.0636814111499633,6.697145558911124,31.763959168740513,0.13283980791295535,1.6014390138065078,bird
1.1150103259074453,7.187934463995492,33.924477117782786,0.12022495111806449,1.8548594667573695,bird
0.9757854640273467,6.132180876338039,28.904374809413063,0.11186724730329135,1.7445276352660433,bird
1.0394631244506791,6.432723930034582,30.245299625390814,0.10848698842865723,1.9162747343130853,bird
1.1263659837473157,7.152474297031443,33.99710454428435,0.13094329424968967,1.7203756624683777,bird
0.9637123525364444,5.906554378052005,27.923977260645696,0.115711057394943,1.665709080270767,bird
1.0665973136476383,6.800183398956733,32.00131989779426,0.11147983772983114,1.9135094221315492,bird
1.0652833470244065,6.8071144592882264,32.09085043441425,0.10361894167691522,2.056137422972436,bird
1.1105578553332913,7.019626785602655,33.18164967907441,0.12400817680241182,1.7910912279337756,bird
0.9755143844536653,6.108248773092877,28.662572845180687,0.10484066721634827,1.8609302784982746,bird
1.0554121808197774,6.572065406223491,30.98833598032807,0.1197091488221986,1.763280783667065,bird
0.9720576710220725,6.051730128269697,28.746045037756392,0.12966653481335952,1.4993089057484064,bird
1.1436684981521448,7.4063383612539235,34.858216580633325,0.09661116591814299,2.367547404006912,bird
1.0699229817264118,6.884833135003789,32.40749111876739,0.10289861140746658,2.0795488399222326,bird
1.017818863275538,6.4140814150931025,30.17609899246956,0.10812550406650637,1.8826460474390492,bird
1.031060246815429,6.423393443103403,30.217435948652295,0.10898293733875088,1.8921340095269095,bird
1.1263573685280008,7.277742570435305,34.123261344010515,0.1094331583035184,2.0585131499425247,bird
1.0450952196644123,6.588854139562809,31.22682167861102,0.13030652994357586,1.604045531651064,bird
1.11299869001095,7.173938605576745,33.68852975521535,0.10561095940980102,2.1077150478393576,bird
1.1018223599958823,6.969332346144859,33.001486631029806,0.12639024723582035,1.7435119370079457,bird
1.1101743239169157,7.098182316514783,33.43003241268734,0.11503827672810785,1.930080305825314,bird
1.1942756991453538,7.592523913314261,35.88921849593285,0.12465588512812888,1.9161021925561532,bird
1.439050843540906,8.275313653919314,40.388041859630405,0.2597706370156448,1.1079361945039008,bird
1.505330356518421,8.644105081673125,42.06682306561044,0.2556240356570805,1.1777653600377158,bird
1.5118351146383275,8.584421813140617,41.90677289855783,0.2667822438983367,1.1333817686665713,bird
1.5845912893909646,8.984560206335415,43.46908536912537,0.2521475693469416,1.256872137852309,bird
1.5545622765501996,8.802471235552384,42.89964075929098,0.2671083490925389,1.163990347380451,bird
1.513385685545086,8.692158107301884,42.16656144848695,0.2623782383630756,1.1535873841919055,bird
1.5721738057183108,8.894594293268883,43.55333304441415,0.24590888990767246,1.2786594829845905,bird
1.5421165415952736,8.784776225965256,42.95381777802162,0.2580832414260331,1.1950499315738001,bird
1.5364081359052042,8.618479098934609,42.47537391710589,0.26897810473009287,1.142400534470858,bird
1.443798264754886,8.291023814483506,40.37056151215241,0.2689035342310169,1.0738379134563227,bird
1.4437288000109725,8.246136481227,39.795304479762926,0.2553615137912389,1.1307297485083418,bird
1.5053845477489618,8.597290117554111,41.51368218705687,0.24860023685865032,1.2110846841089817,bird
1.4109972528626344,7.944846508536833,39.02097498022649,0.2578103552309135,1.0945975443098317,bird
1.4199413930147995,7.982649829276038,39.597097590887564,0.2657288538462349,1.0687113310076146,bird
1.491399430930809,8.462627754698895,41.36065260485033,0.26051954456563986,1.1449389732629107,bird
1.4453826754463899,8.233656134893696,40.03918948862301,0.24944384519976145,1.1588804976819673,bird
1.4974494201273274,8.596229522184228,41.812798901793094,0.230385776038513,1.2999449394003413,bird
1.4382915719664453,8.229684218955045,40.071992228939244,0.24262554054654764,1.18560213516098,bird
1.4280401048914557,8.241188553596427,40.057389520989894,0.245997035942399,1.1610184137013881,bird
1.5133395750653953,8.55919226592863,42.012258273381626,0.25547708145580644,1.1847128153674296,bird
1.5608462927961149,8.8961657028978,43.13967468041305,0.25456664315227856,1.2262733174876372,bird
1.5299742749548562,8.632064719989483,42.12503864218635,0.2598460142469786,1.1775971360393902,bird
1.4620513290560382,8.259414341117816,40.72580898790487,0.2638152135574302,1.1083871449569198,bird
1.559491148470011,8.871888523212549,43.8985753666904,0.2736344343822749,1.1398322001516328,bird
1.5667580203743159,8.916410660083788,44.06871940125504,0.2535710243478379,1.2357508899523537,bird
1.535257653568175,8.689160475253344,42.81912538031132,0.24570220995883685,1.2496856528858609,bird
1.5229400132736008,8.76188758832554,42.59320052738164,0.24440318564988794,1.246248076782751,bird
1.4494255201638175,8.10365720540222,40.07720866279363,0.26342323703186554,1.1004505098163517,bird
1.5069055335055745,8.531430245334816,41.88524988959603,0.26432402622841117,1.1401922553651018,bird
1.5379667280845888,8.74351919495864,42.72271284792799,0.24130763061074445,1.274689557981249,bird
1.4657191699046062,8.233105123619767,40.294790925930464,0.2638972240858988,1.110822437362869,bird
1.5562670319697252,8.746326046087772,43.171779028676,0.27110616267740767,1.1480834822716772,bird
1.4769760209121108,8.348374265682601,41.1707010907531,0.2456851747348452,1.2023282987581172,bird
1.4776329272178357,8.419067237917979,41.505887297181026,0.2359708085376251,1.2523818997489051,bird
1.5491299089752346,8.848304791909396,43.000652355827704,0.23630479281059003,1.3111241411792711,bird
1.4553070792611864,8.343902133782958,40.39494442399742,0.26363484144098587,1.1040291301415202,bird
1.5198013303120617,8.566491012192799,41.88638838721225,0.26930848292549475,1.1286661944746277,bird
1.4133622241370494,8.084985068907992,39.473476942837586,0.24387216438828496,1.1590970727476249,bird
1.4915513859527758,8.582948238961329,41.87075971944941,0.23384545940699492,1.2756683021583106,bird
1.4901222352301344,8.492627395573987,41.20094038729537,0.2629157769985499,1.1335324008861065,bird
1.5825821018381736,8.958273841999356,44.11993083535368,0.279327193587291,1.1331354329640007,bird
1.4896587022117498,8.44082778887006,41.39074462794924,0.2669130000891409,1.1162096356394888,bird
1.4285963858185085,8.09909570309382,39.57739932984107,0.26145787188768416,1.0927894841553607,bird
1.502089222964086,8.513546719380017,41.82098060832314,0.2529382308878214,1.1877085411835249,bird
1.4582417507820227,8.345252381883569,40.85749944389383,0.25394835277863176,1.1484517691530418,bird
1.4633104450741545,8.304303531837004,41.00644384278331,0.24506704363118215,1.1942084280221636,bird
1.531287016106873,8.726026063190305,42.48454801604002,0.26328794149919144,1.1631998156938375,bird
1.5418285871762272,8.7584772542793,42.87609633068899,0.24325129800212267,1.2676795518857193,bird
1.4934053242586385,8.502865842733069,41.87440857092834,0.269852619194359,1.1068271186694854,bird
1.5719354449662823,8.934396397158055,43.87463713699912,0.2741131717132286,1.1469211479902421,bird
2.4842412369552402,12.943990132300977,61.56272452470083,0.28640502880825053,1.734770203459903,drone
2.3063244436991672,10.68053304920399,51.41152796633265,0.3066754708836031,1.5040777547138156,drone
2.2962997672323167,10.460059587093754,49.98667288649216,0.2978773761280586,1.5417712652474438,drone
2.5758102554164353,13.293389761500316,63.661925406380185,0.28656682893691426,1.7976981754098325,drone
2.33187125669641,11.300757076932753,53.9155717604089,0.29185818915230904,1.5979439461596983,drone
2.2166770035016894,10.817026541682225,51.42279631583927,0.29404339427093795,1.5077170794780805,drone
2.2579702216386384,11.912327671553621,56.785729537597994,0.28561458849036614,1.5811266044274126,drone
2.513265974122384,13.562513425327163,64.49553350398818,0.2786457315205628,1.8039098976764956,drone
2.451706264358498,13.542802283690122,64.00094612052084,0.27422537436518923,1.788090756324714,drone
2.6150278008487833,13.506849624100623,64.32269765623302,0.2845248155711144,1.838167048295703,drone
2.6720331333318885,14.199523599034519,68.03420306278048,0.2763317426420774,1.933925922350271,drone
2.636461870761866,13.640629274282706,65.03231094098265,0.27959901946549537,1.8858825439008022,drone
2.653210505816536,14.422008507770519,68.26457781052221,0.27456187408356525,1.9326812754497376,drone
2.2820509387541787,12.363989003385768,58.56070466327212,0.27494413388618555,1.6600059307330222,drone
2.497672056973375,13.891112931328264,65.38865471233474,0.2663565774961701,1.8754293221766198,drone
2.425941087721598,12.780256234882378,60.84888121142997,0.28750507527375374,1.6875768807012093,drone
2.463329629488576,12.217134870919647,58.299405861238434,0.2958575543354096,1.6652089750637555,drone
2.2828652483756326,11.316732315820564,54.07649311354627,0.29095040118150034,1.569242880693693,drone
2.4434516021227886,13.037127710117305,61.85440775917905,0.278647178830715,1.753791154945508,drone
2.0975760417673412,9.793307554980833,47.05895521647541,0.2984360015396284,1.4057088826113813,drone
2.4728601892002255,13.782480771327867,65.55002722501538,0.2722861096679886,1.8163637422969945,drone
2.677848553128013,13.847633950761105,65.56509326223551,0.2840119006796813,1.8857246899619982,drone
2.5568158889894224,13.062368611775023,62.45389097192752,0.2809933859535039,1.8198355997444744,drone
2.541360377417432,13.578338782076608,64.54062750859214,0.2777566179232038,1.8299137424189964,drone
2.4088756830229845,12.586318653036674,60.016077780831054,0.2792278056838631,1.725379016118988,drone
2.234630805595414,11.4692463780916,54.42401210851709,0.29413188202902096,1.5194714564906218,drone
2.585972691453402,13.360673642334307,63.76680379182238,0.28539325162490226,1.8122122260688445,drone
2.589645500055621,13.858662664566733,65.64225789682102,0.27290160265429425,1.8978547998991524,drone
2.2891098256594753,11.279299066890019,53.74001256247033,0.2957243675720924,1.5481334426822113,drone
2.2330240725024235,10.42576740804283,50.01188796716341,0.3041437114967554,1.4683969666444812,drone
2.600605816213526,14.12154462869379,67.17794876134744,0.27662587155593943,1.8802279634373606,drone
2.3822393092466707,12.101486971252678,57.54116820856607,0.28358814090402457,1.6800651868652203,drone
2.109344386145629,9.604937228379539,46.05418113318584,0.3045104198006892,1.3853970238584132,drone
2.7761304455239717,15.506022107812619,73.34364113055707,0.2719584284072659,2.0415785418259884,drone
2.6132594052549996,13.669700409241562,64.87292575783512,0.2818548743161197,1.854324663052359,drone
2.3918587931215343,11.91032793773434,56.8145250619485,0.29924096950953055,1.5986131293819161,drone
2.5244629668611918,12.961144703439675,61.6046706891992,0.291299510679261,1.7332375975146022,drone
2.533659329737904,12.990603122337248,62.10518213867796,0.2758708543137348,1.8368393274178498,drone
2.3476179181535635,12.049729744459043,57.390075155503695,0.28625758035861615,1.6402092075621235,drone
2.5216572995438917,13.721415037580089,64.81916095344627,0.2750157965349639,1.8338220418763194,drone
2.4915205336407693,13.083368351758681,62.25428218793135,0.2853116558416276,1.746520861122311,drone
2.7079640349794283,13.912768873635095,66.30480369430981,0.2847762940997966,1.9018132817792288,drone
2.5169695149256883,13.718784849242079,64.73658925677978,0.27407549492362826,1.8366927300300389,drone
2.5567296679647527,12.915144127933763,61.491582129950764,0.2887134817784155,1.7711142839737979,drone
2.4489386127772734,12.597907463064168,59.919273717055816,0.28767159130849757,1.7025887386630005,drone
2.5421552292640537,12.65301746262897,60.064221993605166,0.28250963762871345,1.7996895864288371,drone
2.479754730332117,12.737768043548435,60.66440404152997,0.2827539710133197,1.7539969007370133,drone
2.578864961083472,14.587999276218829,68.914689856957,0.26210131088686783,1.9678323441248213,drone
2.203407014035731,10.497065666605717,50.44839440214279,0.29875306103207916,1.4750653223870454,drone
2.5727089504555787,13.920015364596528,65.70287297471873,0.2731838152226632,1.8834948835029388,drone
2.63510533543648,13.9730600399912,66.36921030978283,0.2752812354667127,1.9144769287732648,drone
2.5273912967154666,12.939702482572024,61.462158574924494,0.2941309442505155,1.71854391746508,drone
2.282552704560183,10.728527567203686,51.39238431426303,0.3046819084533976,1.4983147838393536,drone
2.2637716858553656,11.698782322265942,55.418116225879224,0.2859616692301898,1.5832650485173494,drone
2.29736540929295,10.935146583523515,52.59108147306195,0.2927074127787814,1.5697309314531587,drone
2.22831522252836,11.326863932929669,54.05843751656675,0.28974359558858503,1.5381249825529304,drone
2.3322931718173168,11.444700364358875,54.90821755655869,0.2906679755702312,1.604777416005947,drone
2.494743438813182,12.710530182713049,60.150617167821345,0.2919732270023426,1.7088805818322954,drone
2.486197273402854,13.871239832294979,65.45586364713338,0.2686268985489791,1.8510357827913464,drone
2.143243521788513,10.024673906638057,48.116647165815,0.2935868099984748,1.4600369384456535,drone
2.576016286343862,12.984704017335838,61.9888081167085,0.2795695925290188,1.8428392799431361,drone
2.2772606267604387,11.153899072014667,52.90554308721056,0.2958246904398149,1.5395974874090133,drone
2.1819447124513904,11.016413789655344,52.487600911833155,0.2944414620929241,1.4820868175669533,drone
2.443730283001982,12.477241929283668,59.50476481333937,0.2847925251035192,1.7161431160269305,drone
2.3347956666489273,10.988580345980502,52.412446866293685,0.29699239447099696,1.5722892010012242,drone
2.4022705905756103,12.415970129268338,59.12445617726172,0.28204941363211955,1.7034348444647083,drone
2.3951806514368466,11.669291829285275,56.14110231535593,0.2880719719759189,1.6628998903603442,drone
2.68786643058857,13.987818316618775,66.0921891792734,0.2834788978195513,1.896338048338624,drone
2.5200913935871503,13.473362091397382,64.19140212638023,0.280763589784626,1.7951647047685357,drone
2.4837336888685706,12.033486898561572,57.61125484797404,0.29201186131429335,1.701113892496245,drone
2.3979630546521635,10.788531762131349,51.86582687618341,0.31053181915902733,1.5444196716524683,drone
2.2132246276970227,9.977743071326657,48.05827227541996,0.3011517917724439,1.46983621519363,drone
2.7065221410627123,14.59006720897843,69.30160811123491,0.2746712515075256,1.970730054758359,drone
2.3848919316508517,12.608814330412327,59.84710944615574,0.27364004086624233,1.7430819821512467,drone
2.636449002877214,13.872835557846791,65.86020960393381,0.27901119457155676,1.8898465108845903,drone
2.4215876023146032,12.020223506607074,57.36990210583155,0.2988802138505915,1.6204360979253316,drone
2.503919371550008,13.917021834640511,65.727843507783,0.2740986942008821,1.827015080754447,drone
2.513409682318421,12.486422098611126,59.79673212465965,0.28972172997508105,1.735046258367969,drone
2.3264307341136625,11.1842434764939,53.37006161696239,0.29506900948034015,1.5768682146634752,drone
2.4462121893175754,12.725699527951939,60.70346254852421,0.2889790414468161,1.6929986818682576,drone
2.3899717682319492,12.993721104403035,61.709093093262865,0.27683884674021236,1.726611041251666,drone
2.570676124154271,13.109928118022575,62.3116345466603,0.2842183719547621,1.8089394561711143,drone
2.4087108006108244,12.618994372857928,60.06887743006879,0.289211930808048,1.6657019593424922,drone
2.522480202715643,12.93369686408658,61.916868340649636,0.28064112364787147,1.7976504652276888,drone
2.5144743804192897,13.452181686928148,63.72511817283562,0.2769783000733384,1.8156421012859314,drone
2.5675929002973676,13.967524765685294,66.35042870513827,0.2763436187290458,1.8582558011592742,drone
2.419342633943343,13.537819428675492,64.06044017965131,0.2659049083758461,1.8196997458125896,drone
2.535596021106474,13.427060036776755,63.591861636352085,0.2794158326154032,1.8149214747301037,drone
2.459841201726533,12.692087109962829,60.14385267252238,0.2828419791996869,1.7393701456197412,drone
2.3894053576549297,11.96882166624583,56.59454429933573,0.2945436250141134,1.6224416039207847,drone
2.4117290279254435,12.144577476640437,57.978815327932224,0.28121944967613516,1.7151888919011054,drone
2.3354539906441065,11.827083352320022,56.19387538713378,0.29181285495911136,1.6006476864000605,drone
2.5104422278839413,13.287842224131971,63.192889579540314,0.280998867032221,1.7867938961981977,drone
2.3309698964163545,11.531691267153725,54.80618355342883,0.29608587941038267,1.5745187803159961,drone
2.2313740002073366,11.113625359042214,52.8803832527524,0.28560548885519094,1.5625525836212535,drone
2.4160684866066116,12.525927177801291,59.692748261237284,0.280051742693096,1.7254395698599592,drone
2.4170631602278276,12.964506576399847,61.33274776016739,0.28075491255298807,1.7218266727780336,drone
2.4910560940082718,12.557894231313478,60.15462373580806,0.29219532542699833,1.7050577779880969,drone
2.488179639162117,13.16874209868135,62.43339072991243,0.2774339168795291,1.7937047417696945,drone
2.39935837985271,12.142754562005464,57.87911699835871,0.2922040000394549,1.6422445194345376,drone
2.2572823618644717,10.60932498884377,50.796547530511546,0.2955993916684699,1.5272538408636596,drone
2.1493751066425055,10.211396237688733,48.795089595891945,0.302537803886472,1.4208933191536635,drone
2.2920045860705294,11.702777728747872,55.54202261791335,0.2915046404824248,1.5725297224937616,drone
2.361869946273377,11.994406368551639,56.95328203378685,0.2936430156744347,1.6086633540521649,drone
2.2486824916513966,10.74505382220043,51.32191952336913,0.29578603288488536,1.5204752342639525,drone
2.5086604438997466,13.900393104709359,65.80610899846107,0.26573064665387924,1.8881171907129621,drone
2.334518909098314,12.1790938005946,57.82499126533435,0.2873045184689385,1.6251137737595072,drone
2.473437325394923,12.81891232030877,60.901631848453775,0.28257242985723385,1.7506524271480894,drone
2.3661628260949104,11.30619885285318,54.45146462691756,0.29644398825722396,1.5963600753902447,drone
2.270020110300675,12.16301929435173,57.39067534732567,0.2836838144334794,1.6003831088679512,drone
2.59820449220015,13.406062694987057,63.98109340428383,0.2830858212629338,1.8356252397499708,drone
2.6454259268014373,14.326116418497373,68.03041894574146,0.28119939199346894,1.8815251460913964,drone
2.37918350213951,11.163149491559203,53.403963922196276,0.3031405392615303,1.569686167902895,drone
2.429857200988042,11.904179621156821,56.61114260243347,0.29087863073115594,1.6706973525491344,drone
2.304243612257977,12.054834712195621,56.842289407656494,0.2849032059198025,1.6175580477692424,drone
2.2529250885065446,11.021317124256933,52.823539089245614,0.2943875908316782,1.5305803016848245,drone
2.3036702699029807,11.363233774995656,53.819239545841135,0.29445795017521975,1.5646813326341003,drone
2.610002544331772,13.676744267795916,65.27834886051264,0.2779692404052476,1.8779022017025444,drone
2.2434858157738433,11.38020420285939,54.26914177099824,0.295729333514972,1.5172522777011437,drone
2.6744760948212036,14.188584887033343,67.33662855475656,0.2744417908938234,1.9490242215373843,drone
2.71710401859602,15.0007694442195,70.83843802617037,0.2678237402502619,2.0290180733338716,drone
2.518798276896848,12.792446963336303,61.108654952553294,0.2973773430502632,1.6940038511821733,drone
2.3957250587645897,12.880435978053486,61.049161304743855,0.2791164533939093,1.716644334637619,drone
2.4887578725468016,12.568402121340812,60.00880626489179,0.28147239737341945,1.768380164355015,drone
2.583226231677113,13.088738380825973,62.75589859583146,0.2870192853458255,1.8000318654385004,drone
2.356960769217527,12.162382392612512,57.65625276682147,0.293136791957702,1.6080919754746739,drone
2.258405635274829,10.72261267709334,51.28174381709445,0.3032621921534446,1.489404253747236,drone
2.546264963501787,13.094024780747647,62.694138408667214,0.2833801312358466,1.7970617799427233,drone
2.3762020713410132,12.730838145518076,60.46882179035824,0.2795345727396697,1.7001084684894385,drone
2.2366121450398757,11.721815075771891,55.41694543639802,0.2869374986140041,1.5589500503591753,drone
2.4268721046359274,11.94770381819756,57.12802663221616,0.2921771424076039,1.6612290201635274,drone
2.5926880739960634,13.002622998765776,62.361193104603785,0.28144977077081174,1.8423755891918663,drone
2.182640777169005,10.095246153511592,48.2478682896594,0.30153361783605825,1.4476895150133127,drone
2.4966647740524763,12.455128569898154,59.323990038975566,0.29097049136103964,1.7160903012848312,drone
2.722554066810215,15.01598338755338,71.25659698302752,0.27156225092221675,2.005099169786285,drone
2.4470705022432844,13.384681983834843,63.32885490933835,0.2783471190297969,1.758282016361351,drone
2.731761681752995,14.193073729007473,67.71678963767883,0.27614662253899874,1.978480815467618,drone
2.393184131883359,12.865782753958932,60.97005350223136,0.28054214646975123,1.7061090791464333,drone
2.484657234282864,12.347427385533933,58.91277670659394,0.2811020819324036,1.767792231176531,drone
2.401703425577377,12.900144322727906,61.493501991313394,0.2755641428164094,1.743112588467775,drone
2.2642371341290595,11.637114344666463,55.088317107299,0.2864183754544454,1.5810654861724769,drone
2.39332874723174,12.68708975318028,60.143592318836,0.2813027621271296,1.701598758429849,drone
2.3224083841579586,11.198235756262306,53.45477905789115,0.2940281409346988,1.5797143335477637,drone
2.5475045669901406,12.95878311577444,61.85957747332311,0.27857054824749,1.8289783152735846,drone
2.557961598792549,13.905119839350773,65.81709863913815,0.27645160930678403,1.8505621282189104,drone
2.4390301871617788,12.928464106093438,61.28844350573205,0.27758651958219704,1.7573067708863797,drone
2.418074890214501,12.032979545434697,57.54442545071332,0.2890913510664682,1.6728749935758052,drone
2.524814481510746,13.03857474764234,62.185606688575696,0.282821589184227,1.7854418974351207,drone
2.394831744796685,12.778222091382117,60.44671607791888,0.28034121154273406,1.7085073613954123,drone
2.693323463734385,15.020094968949774,70.86821346394954,0.26803597920337013,2.009667193226458,drone
